abilities,against_bug,against_dark,against_dragon,against_electric,against_fairy,against_fight,against_fire,against_flying,against_ghost,against_grass,against_ground,against_ice,against_normal,against_poison,against_psychic,against_rock,against_steel,against_water,attack,base_egg_steps,base_happiness,base_total,capture_rate,classfication,defense,experience_growth,height_m,hp,japanese_name,name,percentage_male,pokedex_number,sp_attack,sp_defense,speed,type1,type2,weight_kg,generation,output
148.0,1.0,1.0,1.0,0.5,0.5,0.5,2.0,2.0,1.0,0.25,1.0,2.0,1.0,1.0,2.0,1.0,1.0,0.5,49,5120,70,318,45,291.0,49,1059860,0.7,45,120.0,43.0,88.1,1,65,65,45,8.0,13.0,6.9,1,0
148.0,1.0,1.0,1.0,0.5,0.5,0.5,2.0,2.0,1.0,0.25,1.0,2.0,1.0,1.0,2.0,1.0,1.0,0.5,62,5120,70,405,45,291.0,63,1059860,1.0,60,121.0,193.0,88.1,2,80,80,60,8.0,13.0,13.0,1,0
148.0,1.0,1.0,1.0,0.5,0.5,0.5,2.0,2.0,1.0,0.25,1.0,2.0,1.0,1.0,2.0,1.0,1.0,0.5,100,5120,70,625,45,291.0,123,1059860,2.0,80,119.0,482.0,88.1,3,122,120,80,8.0,13.0,100.0,1,0
11.0,0.5,1.0,1.0,1.0,0.5,1.0,0.5,1.0,1.0,0.5,2.0,0.5,1.0,1.0,1.0,2.0,0.5,2.0,52,5120,70,309,45,190.0,43,1059860,0.6,39,178.0,58.0,88.1,4,60,50,65,6.0,0.0,8.5,1,0
11.0,0.5,1.0,1.0,1.0,0.5,1.0,0.5,1.0,1.0,0.5,2.0,0.5,1.0,1.0,1.0,2.0,0.5,2.0,64,5120,70,405,45,117.0,58,1059860,1.1,58,255.0,59.0,88.1,5,80,65,80,6.0,0.0,19.0,1,0
11.0,0.25,1.0,1.0,2.0,0.5,0.5,0.5,1.0,1.0,0.25,0.0,1.0,1.0,1.0,1.0,4.0,0.5,2.0,104,5120,70,634,45,117.0,78,1059860,1.7,78,254.0,57.0,88.1,6,159,115,100,6.0,8.0,90.5,1,0
291.0,1.0,1.0,1.0,2.0,1.0,1.0,0.5,1.0,1.0,2.0,1.0,0.5,1.0,1.0,1.0,1.0,0.5,0.5,48,5120,70,314,45,340.0,65,1059860,0.5,44,514.0,432.0,88.1,7,50,64,43,16.0,0.0,9.0,1,0
291.0,1.0,1.0,1.0,2.0,1.0,1.0,0.5,1.0,1.0,2.0,1.0,0.5,1.0,1.0,1.0,1.0,0.5,0.5,63,5120,70,405,45,347.0,80,1059860,1.0,59,208.0,495.0,88.1,8,65,80,58,16.0,0.0,22.5,1,0
291.0,1.0,1.0,1.0,2.0,1.0,1.0,0.5,1.0,1.0,2.0,1.0,0.5,1.0,1.0,1.0,1.0,0.5,0.5,103,5120,70,630,45,295.0,120,1059860,1.6,79,209.0,34.0,88.1,9,135,115,78,16.0,0.0,85.5,1,0
218.0,1.0,1.0,1.0,1.0,1.0,0.5,2.0,2.0,1.0,0.5,0.5,1.0,1.0,1.0,1.0,2.0,1.0,1.0,30,3840,70,195,255,374.0,35,1000000,0.3,45,51.0,54.0,50.0,10,20,20,45,0.0,0.0,2.9,1,0
214.0,1.0,1.0,1.0,1.0,1.0,0.5,2.0,2.0,1.0,0.5,0.5,1.0,1.0,1.0,1.0,2.0,1.0,1.0,20,3840,70,205,120,67.0,55,1000000,0.7,50,468.0,271.0,50.0,11,25,25,30,0.0,0.0,9.9,1,0
34.0,0.5,1.0,1.0,2.0,1.0,0.25,2.0,2.0,1.0,0.25,0.0,2.0,1.0,1.0,1.0,4.0,1.0,1.0,45,3840,70,395,45,50.0,50,1000000,1.1,60,48.0,46.0,50.0,12,90,80,70,0.0,8.0,32.0,1,0
218.0,0.5,1.0,1.0,1.0,0.5,0.25,2.0,2.0,1.0,0.25,1.0,1.0,1.0,0.5,2.0,2.0,1.0,1.0,35,3840,70,195,255,144.0,30,1000000,0.3,40,28.0,498.0,50.0,13,20,20,50,0.0,13.0,3.2,1,0
214.0,0.5,1.0,1.0,1.0,0.5,0.25,2.0,2.0,1.0,0.25,1.0,1.0,1.0,0.5,2.0,2.0,1.0,1.0,25,3840,70,205,120,67.0,50,1000000,0.6,45,61.0,202.0,50.0,14,25,25,35,0.0,13.0,10.0,1,0
257.0,0.5,1.0,1.0,1.0,0.5,0.25,2.0,2.0,1.0,0.25,1.0,1.0,1.0,0.5,2.0,2.0,1.0,1.0,150,3840,70,495,45,247.0,40,1000000,1.0,65,443.0,28.0,50.0,15,15,80,145,0.0,13.0,29.5,1,0
113.0,0.5,1.0,1.0,2.0,1.0,1.0,1.0,1.0,0.0,0.5,0.0,2.0,1.0,1.0,1.0,2.0,1.0,1.0,45,3840,70,251,255,336.0,40,1059860,0.3,40,382.0,325.0,50.0,16,35,35,56,11.0,8.0,1.8,1,0
113.0,0.5,1.0,1.0,2.0,1.0,1.0,1.0,1.0,0.0,0.5,0.0,2.0,1.0,1.0,1.0,2.0,1.0,1.0,60,3840,70,349,120,31.0,55,1059860,1.1,63,371.0,324.0,50.0,17,50,50,71,11.0,8.0,30.0,1,0
113.0,0.5,1.0,1.0,2.0,1.0,1.0,1.0,1.0,0.0,0.5,0.0,2.0,1.0,1.0,1.0,2.0,1.0,1.0,80,3840,70,579,45,31.0,80,1059860,1.5,83,372.0,323.0,50.0,18,135,80,121,11.0,8.0,39.5,1,0
194.0,1.0,1.0,1.0,1.0,1.0,2.0,1.0,1.0,0.0,1.0,1.0,1.0,1.0,1.0,1.0,1.0,1.0,1.0,56,3840,70,253,255,219.0,35,1000000,1.1839679358717434,30,236.0,358.0,50.0,19,25,35,72,11.0,2.0,58.178557114228454,1,0
194.0,1.0,1.0,1.0,1.0,1.0,2.0,1.0,1.0,0.0,1.0,1.0,1.0,1.0,1.0,1.0,1.0,1.0,1.0,71,3840,70,413,127,219.0,70,1000000,1.1839679358717434,75,400.0,357.0,50.0,20,40,80,77,11.0,2.0,58.178557114228454,1,0
110.0,0.5,1.0,1.0,2.0,1.0,1.0,1.0,1.0,0.0,0.5,0.0,2.0,1.0,1.0,1.0,2.0,1.0,1.0,60,3840,70,262,255,336.0,30,1000000,0.3,40,354.0,426.0,50.0,21,31,31,70,11.0,8.0,2.0,1,0
110.0,0.5,1.0,1.0,2.0,1.0,1.0,1.0,1.0,0.0,0.5,0.0,2.0,1.0,1.0,1.0,2.0,1.0,1.0,90,3840,70,442,90,20.0,65,1000000,1.2,65,352.0,127.0,50.0,22,61,61,100,11.0,8.0,38.0,1,0
102.0,0.5,1.0,1.0,1.0,0.5,0.5,1.0,1.0,1.0,0.5,2.0,1.0,1.0,0.5,2.0,1.0,1.0,1.0,60,5120,70,288,255,303.0,44,1000000,2.0,35,10.0,113.0,50.0,23,40,54,55,12.0,0.0,6.9,1,0
102.0,0.5,1.0,1.0,1.0,0.5,0.5,1.0,1.0,1.0,0.5,2.0,1.0,1.0,0.5,2.0,1.0,1.0,1.0,95,5120,70,448,90,65.0,69,1000000,3.5,60,9.0,11.0,50.0,24,65,79,80,12.0,0.0,65.0,1,0
234.0,1.0,1.0,1.0,0.5,1.0,1.0,1.0,0.5,1.0,1.0,2.0,1.0,1.0,1.0,1.0,1.0,0.5,1.0,55,2560,70,320,190,219.0,40,1000000,0.4,35,373.0,327.0,50.0,25,50,50,90,3.0,0.0,6.0,1,0
233.0,1.0,1.0,1.0,0.5,1.0,1.0,1.0,0.5,1.0,1.0,2.0,1.0,1.0,1.0,1.0,1.0,0.5,1.0,85,2560,70,485,75,219.0,50,1000000,1.1839679358717434,60,394.0,352.0,50.0,26,95,85,110,3.0,4.0,58.178557114228454,1,0
205.0,1.0,1.0,1.0,0.0,1.0,1.0,1.0,1.0,1.0,2.0,1.0,2.0,1.0,0.5,1.0,0.5,1.0,2.0,75,5120,70,300,255,219.0,90,1000000,1.1839679358717434,50,425.0,376.0,50.0,27,10,35,40,9.0,12.0,58.178557114228454,1,0
205.0,1.0,1.0,1.0,0.0,1.0,1.0,1.0,1.0,1.0,2.0,1.0,2.0,1.0,0.5,1.0,0.5,1.0,2.0,100,5120,70,450,90,219.0,120,1000000,1.1839679358717434,75,424.0,377.0,50.0,28,25,65,65,9.0,12.0,58.178557114228454,1,0
162.0,0.5,1.0,1.0,1.0,0.5,0.5,1.0,1.0,1.0,0.5,2.0,1.0,1.0,0.5,2.0,1.0,1.0,1.0,47,5120,70,275,235,250.0,52,1059860,0.4,55,329.0,294.0,0.0,29,40,40,41,12.0,0.0,7.0,1,0
162.0,0.5,1.0,1.0,1.0,0.5,0.5,1.0,1.0,1.0,0.5,2.0,1.0,1.0,0.5,2.0,1.0,1.0,1.0,62,5120,70,365,120,250.0,67,1059860,0.8,70,330.0,295.0,0.0,30,55,55,56,12.0,0.0,20.0,1,0
163.0,0.5,1.0,1.0,0.0,0.5,0.5,1.0,1.0,1.0,1.0,2.0,2.0,1.0,0.25,2.0,0.5,1.0,2.0,92,5120,70,505,45,91.0,87,1059860,1.3,90,327.0,292.0,0.0,31,75,85,76,12.0,11.0,60.0,1,0
162.0,0.5,1.0,1.0,1.0,0.5,0.5,1.0,1.0,1.0,0.5,2.0,1.0,1.0,0.5,2.0,1.0,1.0,1.0,57,5120,70,273,235,250.0,40,1059860,0.5,46,328.0,293.0,100.0,32,40,40,50,12.0,0.0,9.0,1,0
162.0,0.5,1.0,1.0,1.0,0.5,0.5,1.0,1.0,1.0,0.5,2.0,1.0,1.0,0.5,2.0,1.0,1.0,1.0,72,5120,70,365,120,250.0,57,1059860,0.9,61,331.0,296.0,100.0,33,55,55,65,12.0,0.0,19.5,1,0
163.0,0.5,1.0,1.0,0.0,0.5,0.5,1.0,1.0,1.0,1.0,2.0,2.0,1.0,0.25,2.0,0.5,1.0,2.0,102,5120,70,505,45,91.0,77,1059860,1.4,81,326.0,291.0,100.0,34,85,75,85,12.0,11.0,62.0,1,0
39.0,0.5,0.5,0.0,1.0,1.0,0.5,1.0,1.0,1.0,1.0,1.0,1.0,1.0,2.0,1.0,1.0,2.0,1.0,45,2560,140,323,150,107.0,48,800000,0.6,70,375.0,71.0,24.6,35,60,65,35,4.0,0.0,7.5,1,0
40.0,0.5,0.5,0.0,1.0,1.0,0.5,1.0,1.0,1.0,1.0,1.0,1.0,1.0,2.0,1.0,1.0,2.0,1.0,70,2560,140,483,25,107.0,73,800000,1.3,95,376.0,70.0,24.6,36,95,90,60,4.0,0.0,40.0,1,0
52.0,0.5,1.0,1.0,1.0,0.5,1.0,0.5,1.0,1.0,0.5,2.0,0.5,1.0,1.0,1.0,2.0,0.5,2.0,41,5120,70,299,190,127.0,40,1000000,1.1839679358717434,38,411.0,491.0,24.6,37,50,65,65,6.0,12.0,58.178557114228454,1,0
52.0,0.5,1.0,1.0,1.0,0.5,1.0,0.5,1.0,1.0,0.5,2.0,0.5,1.0,1.0,1.0,2.0,0.5,2.0,67,5120,70,505,75,127.0,75,1000000,1.1839679358717434,73,243.0,298.0,24.6,38,81,100,109,6.0,12.0,58.178557114228454,1,0
36.0,0.5,0.5,0.0,1.0,1.0,1.0,1.0,1.0,0.0,1.0,1.0,1.0,1.0,2.0,1.0,1.0,2.0,1.0,45,2560,70,270,170,16.0,20,800000,0.5,115,392.0,194.0,24.6,39,45,25,20,11.0,5.0,5.5,1,0
37.0,0.5,0.5,0.0,1.0,1.0,1.0,1.0,1.0,0.0,1.0,1.0,1.0,1.0,2.0,1.0,1.0,2.0,1.0,70,2560,70,435,50,16.0,45,800000,1.0,140,390.0,503.0,24.6,40,85,50,45,11.0,5.0,12.0,1,0
85.0,0.25,1.0,1.0,2.0,0.5,0.25,1.0,1.0,1.0,0.25,0.0,2.0,1.0,0.5,2.0,2.0,1.0,1.0,45,3840,70,245,255,19.0,35,1000000,0.8,40,515.0,516.0,50.0,41,30,40,55,12.0,8.0,7.5,1,0
85.0,0.25,1.0,1.0,2.0,0.5,0.25,1.0,1.0,1.0,0.25,0.0,2.0,1.0,0.5,2.0,2.0,1.0,1.0,80,3840,70,455,90,19.0,70,1000000,1.6,75,141.0,155.0,50.0,42,65,75,90,12.0,8.0,55.0,1,0
22.0,1.0,1.0,1.0,0.5,0.5,0.5,2.0,2.0,1.0,0.25,1.0,2.0,1.0,1.0,2.0,1.0,1.0,0.5,50,5120,70,320,255,360.0,55,1059860,0.5,45,323.0,305.0,50.0,43,75,65,30,8.0,13.0,5.4,1,0
25.0,1.0,1.0,1.0,0.5,0.5,0.5,2.0,2.0,1.0,0.25,1.0,2.0,1.0,1.0,2.0,1.0,1.0,0.5,65,5120,70,395,120,360.0,70,1059860,0.8,60,241.0,154.0,50.0,44,85,75,40,8.0,13.0,8.6,1,0
15.0,1.0,1.0,1.0,0.5,0.5,0.5,2.0,2.0,1.0,0.25,1.0,2.0,1.0,1.0,2.0,1.0,1.0,0.5,80,5120,70,490,45,120.0,85,1059860,1.2,75,416.0,488.0,50.0,45,110,90,50,8.0,13.0,18.6,1,0
48.0,2.0,1.0,1.0,0.5,1.0,0.5,4.0,4.0,1.0,0.25,0.25,2.0,1.0,2.0,1.0,2.0,1.0,0.5,70,5120,70,285,190,221.0,55,1000000,0.3,35,361.0,315.0,50.0,46,45,55,25,0.0,10.0,5.4,1,0
48.0,2.0,1.0,1.0,0.5,1.0,0.5,4.0,4.0,1.0,0.25,0.25,2.0,1.0,2.0,1.0,2.0,1.0,0.5,95,5120,70,405,75,221.0,80,1000000,1.0,60,360.0,316.0,50.0,47,60,80,30,0.0,10.0,29.5,1,0
33.0,0.5,1.0,1.0,1.0,0.5,0.25,2.0,2.0,1.0,0.25,1.0,1.0,1.0,0.5,2.0,2.0,1.0,1.0,55,5120,70,305,190,161.0,50,1000000,1.0,60,234.0,481.0,50.0,48,40,55,45,0.0,13.0,30.0,1,0
219.0,0.5,1.0,1.0,1.0,0.5,0.25,2.0,2.0,1.0,0.25,1.0,1.0,1.0,0.5,2.0,2.0,1.0,1.0,65,5120,70,450,75,249.0,60,1000000,1.5,70,307.0,480.0,50.0,49,90,75,90,0.0,13.0,12.5,1,0
203.0,1.0,1.0,1.0,0.0,1.0,1.0,1.0,1.0,1.0,2.0,1.0,2.0,1.0,0.5,1.0,0.5,1.0,2.0,55,5120,70,265,255,216.0,30,1000000,1.1839679358717434,10,76.0,94.0,50.0,50,35,45,90,9.0,11.0,58.178557114228454,1,0
203.0,1.0,1.0,1.0,0.0,1.0,1.0,1.0,1.0,1.0,2.0,1.0,2.0,1.0,0.5,1.0,0.5,1.0,2.0,100,5120,70,425,50,216.0,60,1000000,1.1839679358717434,35,95.0,106.0,50.0,51,50,70,110,9.0,11.0,58.178557114228454,1,0
159.0,1.0,1.0,1.0,1.0,1.0,2.0,1.0,1.0,0.0,1.0,1.0,1.0,1.0,1.0,1.0,1.0,1.0,1.0,35,5120,70,290,255,279.0,35,1000000,1.1839679358717434,40,340.0,267.0,50.0,52,50,40,90,11.0,2.0,58.178557114228454,1,0
123.0,1.0,1.0,1.0,1.0,1.0,2.0,1.0,1.0,0.0,1.0,1.0,1.0,1.0,1.0,1.0,1.0,1.0,1.0,60,5120,70,440,90,61.0,60,1000000,1.1839679358717434,65,368.0,319.0,50.0,53,75,65,115,11.0,2.0,58.178557114228454,1,0
42.0,1.0,1.0,1.0,2.0,1.0,1.0,0.5,1.0,1.0,2.0,1.0,0.5,1.0,1.0,1.0,1.0,0.5,0.5,52,5120,70,320,190,92.0,48,1000000,0.8,50,230.0,345.0,50.0,54,65,50,55,16.0,0.0,19.6,1,0
42.0,1.0,1.0,1.0,2.0,1.0,1.0,0.5,1.0,1.0,2.0,1.0,0.5,1.0,1.0,1.0,1.0,0.5,0.5,82,5120,70,500,75,92.0,78,1000000,1.7,80,142.0,157.0,50.0,55,95,80,85,16.0,0.0,76.6,1,0
297.0,0.5,0.5,1.0,1.0,2.0,1.0,1.0,2.0,1.0,1.0,1.0,1.0,1.0,1.0,2.0,0.5,1.0,1.0,80,5120,70,305,190,237.0,35,1000000,0.5,40,270.0,255.0,50.0,56,35,45,70,5.0,0.0,28.0,1,0
297.0,0.5,0.5,1.0,1.0,2.0,1.0,1.0,2.0,1.0,1.0,1.0,1.0,1.0,1.0,2.0,0.5,1.0,1.0,105,5120,70,455,75,237.0,60,1000000,1.0,65,348.0,342.0,50.0,57,60,70,95,5.0,0.0,32.0,1,0
94.0,0.5,1.0,1.0,1.0,0.5,1.0,0.5,1.0,1.0,0.5,2.0,0.5,1.0,1.0,1.0,2.0,0.5,2.0,70,5120,70,350,190,258.0,45,1250000,0.7,55,131.0,166.0,75.4,58,70,50,60,6.0,0.0,19.0,1,0
94.0,0.5,1.0,1.0,1.0,0.5,1.0,0.5,1.0,1.0,0.5,2.0,0.5,1.0,1.0,1.0,2.0,0.5,2.0,110,5120,70,555,75,183.0,80,1250000,1.9,90,490.0,12.0,75.4,59,100,80,95,6.0,0.0,155.0,1,0
304.0,1.0,1.0,1.0,2.0,1.0,1.0,0.5,1.0,1.0,2.0,1.0,0.5,1.0,1.0,1.0,1.0,0.5,0.5,50,5120,70,300,255,326.0,40,1059860,0.6,40,342.0,334.0,50.0,60,40,40,90,16.0,0.0,12.4,1,0
304.0,1.0,1.0,1.0,2.0,1.0,1.0,0.5,1.0,1.0,2.0,1.0,0.5,1.0,1.0,1.0,1.0,0.5,0.5,65,5120,70,385,120,326.0,65,1059860,1.0,65,344.0,335.0,50.0,61,50,50,90,16.0,0.0,20.0,1,0
304.0,0.5,0.5,1.0,2.0,2.0,1.0,0.5,2.0,1.0,2.0,1.0,0.5,1.0,1.0,2.0,0.5,0.5,0.5,95,5120,70,510,45,326.0,95,1059860,1.3,90,341.0,336.0,50.0,62,70,90,70,16.0,6.0,54.0,1,0
276.0,2.0,2.0,1.0,1.0,1.0,0.5,1.0,1.0,2.0,1.0,1.0,1.0,1.0,1.0,0.5,1.0,1.0,1.0,20,5120,70,310,200,255.0,15,1059860,0.9,25,50.0,1.0,75.4,63,105,55,90,13.0,0.0,19.5,1,0
276.0,2.0,2.0,1.0,1.0,1.0,0.5,1.0,1.0,2.0,1.0,1.0,1.0,1.0,1.0,0.5,1.0,1.0,1.0,35,5120,70,400,100,255.0,30,1059860,1.3,40,510.0,201.0,75.4,64,120,70,105,13.0,0.0,56.5,1,0
276.0,2.0,2.0,1.0,1.0,1.0,0.5,1.0,1.0,2.0,1.0,1.0,1.0,1.0,1.0,0.5,1.0,1.0,1.0,50,5120,70,600,50,255.0,65,1059860,1.5,55,115.0,6.0,75.4,65,175,105,150,13.0,0.0,48.0,1,0
61.0,0.5,0.5,1.0,1.0,2.0,1.0,1.0,2.0,1.0,1.0,1.0,1.0,1.0,1.0,2.0,0.5,1.0,1.0,80,5120,70,305,180,322.0,50,1059860,0.8,70,487.0,242.0,75.4,66,35,35,35,5.0,0.0,19.5,1,0
61.0,0.5,0.5,1.0,1.0,2.0,1.0,1.0,2.0,1.0,1.0,1.0,1.0,1.0,1.0,2.0,0.5,1.0,1.0,100,5120,70,405,90,322.0,70,1059860,1.5,80,148.0,241.0,75.4,67,50,60,45,5.0,0.0,70.5,1,0
61.0,0.5,0.5,1.0,1.0,2.0,1.0,1.0,2.0,1.0,1.0,1.0,1.0,1.0,1.0,2.0,0.5,1.0,1.0,130,5120,70,505,45,322.0,80,1059860,1.6,90,205.0,240.0,75.4,68,65,85,55,5.0,0.0,130.0,1,0
16.0,1.0,1.0,1.0,0.5,0.5,0.5,2.0,2.0,1.0,0.25,1.0,2.0,1.0,1.0,2.0,1.0,1.0,0.5,75,5120,70,300,255,120.0,35,1059860,0.7,50,262.0,31.0,50.0,69,70,30,40,8.0,13.0,4.0,1,0
16.0,1.0,1.0,1.0,0.5,0.5,0.5,2.0,2.0,1.0,0.25,1.0,2.0,1.0,1.0,2.0,1.0,1.0,0.5,90,5120,70,390,120,121.0,50,1059860,1.0,65,482.0,499.0,50.0,70,85,45,55,8.0,13.0,6.4,1,0
16.0,1.0,1.0,1.0,0.5,0.5,0.5,2.0,2.0,1.0,0.25,1.0,2.0,1.0,1.0,2.0,1.0,1.0,0.5,105,5120,70,490,45,121.0,65,1059860,1.7,80,481.0,486.0,50.0,71,100,70,70,8.0,13.0,15.5,1,0
29.0,0.5,1.0,1.0,2.0,0.5,0.5,0.5,1.0,1.0,1.0,2.0,0.5,1.0,0.5,2.0,1.0,0.5,0.5,40,5120,70,335,190,168.0,35,1250000,0.9,40,282.0,457.0,50.0,72,50,100,70,16.0,13.0,45.5,1,0
29.0,0.5,1.0,1.0,2.0,0.5,0.5,0.5,1.0,1.0,1.0,2.0,0.5,1.0,0.5,2.0,1.0,0.5,0.5,70,5120,70,515,60,168.0,65,1250000,1.6,80,88.0,458.0,50.0,73,80,120,100,16.0,13.0,55.0,1,0
187.0,1.0,1.0,1.0,0.0,1.0,2.0,0.5,0.5,1.0,4.0,2.0,2.0,0.5,0.25,1.0,0.5,2.0,4.0,80,3840,70,300,255,268.0,100,1059860,1.1839679358717434,40,187.0,145.0,50.0,74,30,30,20,14.0,11.0,58.178557114228454,1,0
187.0,1.0,1.0,1.0,0.0,1.0,2.0,0.5,0.5,1.0,4.0,2.0,2.0,0.5,0.25,1.0,0.5,2.0,4.0,95,3840,70,390,120,268.0,115,1059860,1.1839679358717434,55,143.0,161.0,50.0,75,45,45,35,14.0,11.0,58.178557114228454,1,0
187.0,1.0,1.0,1.0,0.0,1.0,2.0,0.5,0.5,1.0,4.0,2.0,2.0,0.5,0.25,1.0,0.5,2.0,4.0,120,3840,70,495,45,211.0,130,1059860,1.1839679358717434,80,144.0,158.0,50.0,76,55,65,45,14.0,11.0,58.178557114228454,1,0
193.0,0.5,1.0,1.0,1.0,0.5,1.0,0.5,1.0,1.0,0.5,2.0,0.5,1.0,1.0,1.0,2.0,0.5,2.0,85,5120,70,410,190,111.0,55,1000000,1.0,50,380.0,337.0,50.0,77,65,65,90,6.0,0.0,30.0,1,0
193.0,0.5,1.0,1.0,1.0,0.5,1.0,0.5,1.0,1.0,0.5,2.0,0.5,1.0,1.0,1.0,2.0,0.5,2.0,100,5120,70,500,60,111.0,70,1000000,1.7,65,127.0,356.0,50.0,78,80,80,105,6.0,0.0,95.0,1,0
144.0,2.0,2.0,1.0,2.0,1.0,0.5,0.5,1.0,2.0,2.0,1.0,0.5,1.0,1.0,0.5,1.0,0.5,0.5,65,5120,70,315,190,88.0,65,1000000,1.2,90,492.0,415.0,50.0,79,40,40,15,16.0,14.0,36.0,1,0
144.0,2.0,2.0,1.0,2.0,1.0,0.5,0.5,1.0,2.0,2.0,1.0,0.5,1.0,1.0,0.5,1.0,0.5,0.5,75,5120,70,590,75,151.0,180,1000000,1.6,95,493.0,413.0,50.0,80,130,80,30,16.0,14.0,78.5,1,0
128.0,0.5,1.0,0.5,0.5,0.5,2.0,2.0,0.25,1.0,0.5,4.0,0.5,0.5,0.0,0.5,0.5,0.25,1.0,35,5120,70,325,190,205.0,70,1000000,0.3,25,62.0,248.0,56.19199134199135,81,95,55,45,3.0,16.0,6.0,1,0
128.0,0.5,1.0,0.5,0.5,0.5,2.0,2.0,0.25,1.0,0.5,4.0,0.5,0.5,0.0,0.5,0.5,0.25,1.0,60,5120,70,465,60,205.0,95,1000000,1.0,50,399.0,249.0,56.19199134199135,82,120,70,70,3.0,16.0,60.0,1,0
107.0,0.5,1.0,1.0,2.0,1.0,1.0,1.0,1.0,0.0,0.5,0.0,2.0,1.0,1.0,1.0,2.0,1.0,1.0,90,5120,70,377,45,365.0,55,1000000,0.8,52,210.0,126.0,50.0,83,58,62,60,11.0,8.0,15.0,1,0
192.0,0.5,1.0,1.0,2.0,1.0,1.0,1.0,1.0,0.0,0.5,0.0,2.0,1.0,1.0,1.0,2.0,1.0,1.0,85,5120,70,310,190,348.0,45,1000000,1.4,35,81.0,97.0,50.0,84,35,35,75,11.0,8.0,39.2,1,0
192.0,0.5,1.0,1.0,2.0,1.0,1.0,1.0,1.0,0.0,0.5,0.0,2.0,1.0,1.0,1.0,2.0,1.0,1.0,110,5120,70,470,45,346.0,70,1000000,1.8,60,80.0,96.0,50.0,85,60,60,110,11.0,8.0,85.2,1,0
284.0,1.0,1.0,1.0,2.0,1.0,1.0,0.5,1.0,1.0,2.0,1.0,0.5,1.0,1.0,1.0,1.0,0.5,0.5,45,5120,70,325,190,285.0,55,1000000,1.1,65,364.0,385.0,50.0,86,45,70,45,16.0,0.0,90.0,1,0
284.0,1.0,1.0,1.0,2.0,1.0,2.0,1.0,1.0,1.0,2.0,1.0,0.25,1.0,1.0,1.0,2.0,1.0,0.5,70,5120,70,475,75,285.0,80,1000000,1.7,90,195.0,91.0,50.0,87,70,95,70,16.0,12.0,120.0,1,0
241.0,0.5,1.0,1.0,1.0,0.5,0.5,1.0,1.0,1.0,0.5,2.0,1.0,1.0,0.5,2.0,1.0,1.0,1.0,80,5120,70,325,190,302.0,50,1000000,1.1839679358717434,80,32.0,162.0,50.0,88,40,50,25,12.0,13.0,58.178557114228454,1,0
241.0,0.5,1.0,1.0,1.0,0.5,0.5,1.0,1.0,1.0,0.5,2.0,1.0,1.0,0.5,2.0,1.0,1.0,1.0,105,5120,70,500,75,302.0,75,1000000,1.1839679358717434,105,33.0,286.0,50.0,89,65,100,50,12.0,13.0,58.178557114228454,1,0
216.0,1.0,1.0,1.0,2.0,1.0,1.0,0.5,1.0,1.0,2.0,1.0,0.5,1.0,1.0,1.0,1.0,0.5,0.5,65,5120,70,305,190,33.0,100,1250000,0.3,30,430.0,394.0,50.0,90,45,25,40,16.0,0.0,4.0,1,0
216.0,1.0,1.0,1.0,2.0,1.0,2.0,1.0,1.0,1.0,2.0,1.0,0.25,1.0,1.0,1.0,2.0,1.0,0.5,95,5120,70,525,60,33.0,180,1250000,1.5,50,362.0,73.0,50.0,91,85,45,70,16.0,12.0,132.5,1,0
117.0,0.25,2.0,1.0,1.0,0.5,0.0,1.0,1.0,2.0,0.5,2.0,1.0,0.0,0.25,2.0,1.0,1.0,1.0,35,5120,70,310,190,133.0,30,1059860,1.3,30,134.0,142.0,50.0,92,100,35,80,7.0,13.0,0.1,1,0
117.0,0.25,2.0,1.0,1.0,0.5,0.0,1.0,1.0,2.0,0.5,2.0,1.0,0.0,0.25,2.0,1.0,1.0,1.0,50,5120,70,405,90,133.0,45,1059860,1.6,45,133.0,172.0,50.0,93,115,55,95,7.0,13.0,0.1,1,0
35.0,0.25,2.0,1.0,1.0,0.5,0.0,1.0,1.0,2.0,0.5,2.0,1.0,0.0,0.25,2.0,1.0,1.0,1.0,65,5120,70,600,45,292.0,80,1059860,1.5,60,129.0,144.0,50.0,94,170,95,130,7.0,13.0,40.5,1,0
189.0,1.0,1.0,1.0,0.0,1.0,2.0,0.5,0.5,1.0,4.0,2.0,2.0,0.5,0.25,1.0,0.5,2.0,4.0,45,6400,70,385,45,270.0,160,1000000,8.8,35,189.0,308.0,50.0,95,30,45,70,14.0,11.0,210.0,1,0
88.0,2.0,2.0,1.0,1.0,1.0,0.5,1.0,1.0,2.0,1.0,1.0,1.0,1.0,1.0,0.5,1.0,1.0,1.0,48,5120,70,328,190,157.0,45,1000000,1.0,60,439.0,105.0,50.0,96,43,90,42,13.0,0.0,32.4,1,0
88.0,2.0,2.0,1.0,1.0,1.0,0.5,1.0,1.0,2.0,1.0,1.0,1.0,1.0,1.0,0.5,1.0,1.0,1.0,73,5120,70,483,75,157.0,70,1000000,1.6,85,438.0,189.0,50.0,97,73,115,67,13.0,0.0,75.6,1,0
77.0,1.0,1.0,1.0,2.0,1.0,1.0,0.5,1.0,1.0,2.0,1.0,0.5,1.0,1.0,1.0,1.0,0.5,0.5,105,5120,70,325,225,265.0,90,1000000,0.4,30,65.0,209.0,50.0,98,25,25,50,16.0,0.0,6.5,1,0
77.0,1.0,1.0,1.0,2.0,1.0,1.0,0.5,1.0,1.0,2.0,1.0,0.5,1.0,1.0,1.0,1.0,0.5,0.5,130,5120,70,475,60,239.0,115,1000000,1.3,55,223.0,206.0,50.0,99,50,50,75,16.0,0.0,60.0,1,0
228.0,1.0,1.0,1.0,0.5,1.0,1.0,1.0,0.5,1.0,1.0,2.0,1.0,1.0,1.0,1.0,1.0,0.5,1.0,30,5120,70,330,190,13.0,50,1000000,0.5,40,35.0,490.0,56.19199134199135,100,55,55,100,3.0,0.0,10.4,1,0
228.0,1.0,1.0,1.0,0.5,1.0,1.0,1.0,0.5,1.0,1.0,2.0,1.0,1.0,1.0,1.0,1.0,0.5,1.0,50,5120,70,490,60,13.0,70,1000000,1.2,60,275.0,117.0,56.19199134199135,101,80,80,150,3.0,0.0,66.6,1,0
18.0,4.0,2.0,1.0,0.5,1.0,0.5,2.0,2.0,2.0,0.5,0.5,2.0,1.0,2.0,0.5,1.0,1.0,0.5,40,5120,70,325,90,93.0,80,1250000,0.4,60,451.0,123.0,50.0,102,60,45,40,8.0,14.0,2.5,1,0
17.0,4.0,2.0,1.0,0.5,1.0,0.5,2.0,2.0,2.0,0.5,0.5,2.0,1.0,2.0,0.5,1.0,1.0,0.5,105,5120,70,530,45,66.0,85,1250000,1.1839679358717434,95,320.0,124.0,50.0,103,125,75,45,8.0,14.0,58.178557114228454,1,0
183.0,1.0,1.0,1.0,0.0,1.0,1.0,1.0,1.0,1.0,2.0,1.0,2.0,1.0,0.5,1.0,0.5,1.0,2.0,50,5120,70,320,190,191.0,95,1000000,0.4,50,212.0,85.0,50.0,104,40,50,35,9.0,0.0,6.5,1,0
182.0,1.0,1.0,1.0,0.0,1.0,1.0,1.0,1.0,1.0,2.0,1.0,2.0,1.0,0.5,1.0,0.5,1.0,2.0,80,5120,70,425,75,39.0,110,1000000,1.1839679358717434,60,130.0,260.0,50.0,105,50,80,45,9.0,7.0,58.178557114228454,1,0
122.0,0.5,0.5,1.0,1.0,2.0,1.0,1.0,2.0,1.0,1.0,1.0,1.0,1.0,1.0,2.0,0.5,1.0,1.0,120,6400,70,455,45,172.0,53,1000000,1.5,50,426.0,179.0,100.0,106,35,110,87,5.0,0.0,49.8,1,0
108.0,0.5,0.5,1.0,1.0,2.0,1.0,1.0,2.0,1.0,1.0,1.0,1.0,1.0,1.0,2.0,0.5,1.0,1.0,105,6400,70,455,45,256.0,79,1000000,1.4,50,97.0,178.0,100.0,107,35,110,76,5.0,0.0,50.2,1,0
153.0,1.0,1.0,1.0,1.0,1.0,2.0,1.0,1.0,0.0,1.0,1.0,1.0,1.0,1.0,1.0,1.0,1.0,1.0,55,5120,70,385,45,184.0,75,1000000,1.2,90,31.0,223.0,50.0,108,60,75,30,11.0,0.0,65.5,1,0
117.0,0.5,1.0,1.0,1.0,0.5,0.5,1.0,1.0,1.0,0.5,2.0,1.0,1.0,0.5,2.0,1.0,1.0,1.0,65,5120,70,340,190,248.0,95,1000000,0.6,40,82.0,208.0,50.0,109,60,45,35,12.0,0.0,1.0,1,0
117.0,0.5,1.0,1.0,1.0,0.5,0.5,1.0,1.0,1.0,0.5,2.0,1.0,1.0,0.5,2.0,1.0,1.0,1.0,90,5120,70,490,60,248.0,120,1000000,1.2,65,278.0,500.0,50.0,110,85,70,60,12.0,0.0,9.5,1,0
118.0,1.0,1.0,1.0,0.0,1.0,2.0,0.5,0.5,1.0,4.0,2.0,2.0,0.5,0.25,1.0,0.5,2.0,4.0,85,5120,70,345,120,310.0,95,1250000,1.0,80,434.0,367.0,50.0,111,30,30,25,9.0,15.0,115.0,1,0
118.0,1.0,1.0,1.0,0.0,1.0,2.0,0.5,0.5,1.0,4.0,2.0,2.0,0.5,0.25,1.0,0.5,2.0,4.0,130,5120,70,485,60,91.0,120,1250000,1.9,105,433.0,366.0,50.0,112,45,45,40,9.0,15.0,120.0,1,0
138.0,1.0,1.0,1.0,1.0,1.0,2.0,1.0,1.0,0.0,1.0,1.0,1.0,1.0,1.0,1.0,1.0,1.0,1.0,5,10240,140,450,30,93.0,5,800000,1.1,250,258.0,56.0,0.0,113,35,105,50,11.0,0.0,34.6,1,0
21.0,2.0,1.0,1.0,0.5,1.0,1.0,2.0,2.0,1.0,0.5,0.5,2.0,1.0,2.0,1.0,1.0,1.0,0.5,55,5120,70,435,45,353.0,115,1000000,1.0,65,305.0,453.0,50.0,114,100,40,60,8.0,0.0,35.0,1,0
47.0,1.0,1.0,1.0,1.0,1.0,2.0,1.0,1.0,0.0,1.0,1.0,1.0,1.0,1.0,1.0,1.0,1.0,1.0,125,5120,70,590,45,234.0,100,1000000,2.2,105,132.0,203.0,0.0,115,60,100,100,11.0,0.0,80.0,1,0
270.0,1.0,1.0,1.0,2.0,1.0,1.0,0.5,1.0,1.0,2.0,1.0,0.5,1.0,1.0,1.0,1.0,0.5,0.5,40,5120,70,295,225,89.0,70,1000000,0.4,30,456.0,185.0,50.0,116,70,25,60,16.0,0.0,8.0,1,0
164.0,1.0,1.0,1.0,2.0,1.0,1.0,0.5,1.0,1.0,2.0,1.0,0.5,1.0,1.0,1.0,1.0,0.5,0.5,65,5120,70,440,75,89.0,95,1000000,1.2,55,428.0,381.0,50.0,117,95,45,85,16.0,0.0,25.0,1,0
273.0,1.0,1.0,1.0,2.0,1.0,1.0,0.5,1.0,1.0,2.0,1.0,0.5,1.0,1.0,1.0,1.0,0.5,0.5,67,5120,70,320,225,137.0,60,1000000,0.6,45,467.0,156.0,50.0,118,35,50,63,16.0,0.0,15.0,1,0
273.0,1.0,1.0,1.0,2.0,1.0,1.0,0.5,1.0,1.0,2.0,1.0,0.5,1.0,1.0,1.0,1.0,0.5,0.5,92,5120,70,450,60,137.0,65,1000000,1.3,80,15.0,382.0,50.0,119,65,80,68,16.0,0.0,39.0,1,0
79.0,1.0,1.0,1.0,2.0,1.0,1.0,0.5,1.0,1.0,2.0,1.0,0.5,1.0,1.0,1.0,1.0,0.5,0.5,45,5120,70,340,225,318.0,55,1250000,0.8,30,177.0,438.0,56.19199134199135,120,70,55,85,16.0,0.0,34.5,1,0
79.0,2.0,2.0,1.0,2.0,1.0,0.5,0.5,1.0,2.0,2.0,1.0,0.5,1.0,1.0,0.5,1.0,0.5,0.5,75,5120,70,520,60,223.0,85,1250000,1.1,60,444.0,437.0,56.19199134199135,121,100,85,115,16.0,14.0,80.0,1,0
225.0,1.0,1.0,0.0,1.0,1.0,0.25,1.0,1.0,2.0,1.0,1.0,1.0,1.0,2.0,0.5,1.0,2.0,1.0,45,6400,70,460,45,18.0,65,1000000,1.3,40,24.0,284.0,50.0,122,100,120,90,13.0,5.0,54.5,1,0
259.0,0.5,1.0,1.0,2.0,1.0,0.25,2.0,2.0,1.0,0.25,0.0,2.0,1.0,1.0,1.0,4.0,1.0,1.0,110,6400,70,500,45,207.0,80,1000000,1.5,70,445.0,380.0,50.0,123,55,80,105,0.0,8.0,56.0,1,0
142.0,2.0,2.0,1.0,1.0,1.0,1.0,2.0,1.0,2.0,1.0,1.0,0.5,1.0,1.0,0.5,2.0,2.0,1.0,50,6400,70,455,45,155.0,35,1000000,1.4,65,415.0,198.0,0.0,124,115,95,95,10.0,14.0,40.6,1,0
236.0,1.0,1.0,1.0,0.5,1.0,1.0,1.0,0.5,1.0,1.0,2.0,1.0,1.0,1.0,1.0,1.0,0.5,1.0,83,6400,70,490,45,95.0,57,1000000,1.1,65,101.0,114.0,75.4,125,95,85,105,3.0,0.0,30.0,1,0
51.0,0.5,1.0,1.0,1.0,0.5,1.0,0.5,1.0,1.0,0.5,2.0,0.5,1.0,1.0,1.0,2.0,0.5,2.0,95,6400,70,495,45,312.0,57,1000000,1.3,65,38.0,246.0,75.4,126,100,85,93,6.0,0.0,44.5,1,0
73.0,1.0,1.0,1.0,1.0,1.0,0.5,2.0,2.0,1.0,0.5,0.5,1.0,1.0,1.0,1.0,2.0,1.0,1.0,155,6400,70,600,45,315.0,120,1250000,1.5,65,204.0,330.0,50.0,127,65,90,105,0.0,0.0,55.0,1,0
93.0,1.0,1.0,1.0,1.0,1.0,2.0,1.0,1.0,0.0,1.0,1.0,1.0,1.0,1.0,1.0,1.0,1.0,1.0,100,5120,70,490,45,364.0,95,1250000,1.4,75,218.0,455.0,100.0,128,40,70,110,11.0,0.0,88.4,1,0
267.0,1.0,1.0,1.0,2.0,1.0,1.0,0.5,1.0,1.0,2.0,1.0,0.5,1.0,1.0,1.0,1.0,0.5,0.5,10,1280,70,200,255,115.0,55,1250000,0.9,20,231.0,245.0,50.0,129,15,20,80,16.0,0.0,10.0,1,0
96.0,0.5,1.0,1.0,4.0,1.0,0.5,0.5,1.0,1.0,1.0,0.0,1.0,1.0,1.0,1.0,2.0,0.5,0.5,155,1280,70,640,45,9.0,109,1250000,6.5,95,154.0,169.0,50.0,130,70,130,81,16.0,8.0,235.0,1,0
306.0,1.0,1.0,1.0,2.0,1.0,2.0,1.0,1.0,1.0,2.0,1.0,0.25,1.0,1.0,1.0,2.0,1.0,0.5,85,10240,70,535,45,345.0,80,1250000,2.5,130,246.0,215.0,50.0,131,85,95,60,16.0,12.0,220.0,1,0
120.0,1.0,1.0,1.0,1.0,1.0,2.0,1.0,1.0,0.0,1.0,1.0,1.0,1.0,1.0,1.0,1.0,1.0,1.0,48,5120,70,288,35,344.0,48,1000000,0.3,48,285.0,95.0,56.19199134199135,132,48,48,48,11.0,0.0,4.0,1,0
191.0,1.0,1.0,1.0,1.0,1.0,2.0,1.0,1.0,0.0,1.0,1.0,1.0,1.0,1.0,1.0,1.0,1.0,1.0,55,8960,70,325,45,104.0,50,1000000,0.3,55,98.0,112.0,88.1,133,45,65,55,11.0,0.0,6.5,1,0
305.0,1.0,1.0,1.0,2.0,1.0,1.0,0.5,1.0,1.0,2.0,1.0,0.5,1.0,1.0,1.0,1.0,0.5,0.5,65,8960,70,525,45,47.0,60,1000000,1.0,130,432.0,479.0,88.1,134,110,95,65,16.0,0.0,29.0,1,0
302.0,1.0,1.0,1.0,0.5,1.0,1.0,1.0,0.5,1.0,1.0,2.0,1.0,1.0,1.0,1.0,1.0,0.5,1.0,65,8960,70,525,45,186.0,60,1000000,0.8,65,459.0,196.0,88.1,135,110,95,130,3.0,0.0,24.5,1,0
54.0,0.5,1.0,1.0,1.0,0.5,1.0,0.5,1.0,1.0,0.5,2.0,0.5,1.0,1.0,1.0,2.0,0.5,2.0,130,8960,70,525,45,117.0,60,1000000,0.9,65,41.0,132.0,88.1,136,95,110,65,6.0,0.0,25.0,1,0
294.0,1.0,1.0,1.0,1.0,1.0,2.0,1.0,1.0,0.0,1.0,1.0,1.0,1.0,1.0,1.0,1.0,1.0,1.0,60,5120,70,395,45,354.0,70,1000000,0.8,65,385.0,339.0,56.19199134199135,137,85,75,40,11.0,0.0,36.5,1,0
269.0,1.0,1.0,1.0,2.0,1.0,2.0,0.25,0.5,1.0,4.0,2.0,0.5,0.5,0.5,1.0,1.0,1.0,1.0,40,7680,70,355,45,311.0,100,1000000,0.4,35,350.0,306.0,88.1,138,90,55,35,14.0,17.0,7.5,1,0
269.0,1.0,1.0,1.0,2.0,1.0,2.0,0.25,0.5,1.0,4.0,2.0,0.5,0.5,0.5,1.0,1.0,1.0,1.0,60,7680,70,495,45,311.0,125,1000000,1.0,70,351.0,307.0,88.1,139,115,70,55,14.0,17.0,35.0,1,0
262.0,1.0,1.0,1.0,2.0,1.0,2.0,0.25,0.5,1.0,4.0,2.0,0.5,0.5,0.5,1.0,1.0,1.0,1.0,80,7680,70,355,45,295.0,90,1000000,0.5,30,202.0,199.0,88.1,140,55,45,55,14.0,17.0,11.5,1,0
262.0,1.0,1.0,1.0,2.0,1.0,2.0,0.25,0.5,1.0,4.0,2.0,0.5,0.5,0.5,1.0,1.0,1.0,1.0,115,7680,70,495,45,295.0,105,1000000,1.3,60,201.0,200.0,88.1,141,65,70,80,14.0,17.0,40.5,1,0
185.0,0.5,1.0,1.0,2.0,1.0,1.0,0.5,0.5,1.0,1.0,0.0,2.0,0.5,0.5,1.0,2.0,2.0,2.0,135,8960,70,615,45,126.0,85,1250000,1.8,80,389.0,3.0,88.1,142,70,95,150,14.0,8.0,59.0,1,0
81.0,1.0,1.0,1.0,1.0,1.0,2.0,1.0,1.0,0.0,1.0,1.0,1.0,1.0,1.0,1.0,1.0,1.0,1.0,110,10240,70,540,25,301.0,65,1250000,2.1,160,200.0,421.0,88.1,143,65,110,30,11.0,0.0,460.0,1,0
173.0,0.5,1.0,1.0,2.0,1.0,1.0,2.0,1.0,1.0,0.5,0.0,1.0,1.0,1.0,1.0,4.0,2.0,1.0,85,20480,35,580,3,128.0,100,1250000,1.7,90,117.0,17.0,56.19199134199135,144,95,125,85,10.0,8.0,55.4,1,1
174.0,0.5,1.0,1.0,1.0,1.0,0.5,1.0,0.5,1.0,0.5,0.0,2.0,1.0,1.0,1.0,2.0,0.5,1.0,90,20480,35,580,3,95.0,85,1250000,1.6,90,460.0,514.0,56.19199134199135,145,125,90,100,3.0,8.0,52.6,1,1
166.0,0.25,1.0,1.0,2.0,0.5,0.5,0.5,1.0,1.0,0.25,0.0,1.0,1.0,1.0,1.0,4.0,0.5,2.0,100,20480,35,580,3,117.0,90,1250000,2.0,90,112.0,281.0,56.19199134199135,146,125,85,90,6.0,8.0,60.0,1,1
211.0,1.0,1.0,2.0,0.5,2.0,1.0,0.5,1.0,1.0,0.5,1.0,2.0,1.0,1.0,1.0,1.0,1.0,0.5,64,10240,35,300,45,89.0,45,1250000,1.8,41,296.0,102.0,50.0,147,50,50,50,2.0,0.0,3.3,1,0
211.0,1.0,1.0,2.0,0.5,2.0,1.0,0.5,1.0,1.0,0.5,1.0,2.0,1.0,1.0,1.0,1.0,1.0,0.5,84,10240,35,420,45,89.0,65,1250000,4.0,61,157.0,99.0,50.0,148,70,70,70,2.0,0.0,16.5,1,0
87.0,0.5,1.0,2.0,1.0,2.0,0.5,0.5,1.0,1.0,0.25,0.0,4.0,1.0,1.0,1.0,2.0,1.0,0.5,134,10240,35,600,45,89.0,95,1250000,2.2,91,206.0,100.0,50.0,149,100,100,80,2.0,8.0,210.0,1,0
178.0,2.0,2.0,1.0,1.0,1.0,0.5,1.0,1.0,2.0,1.0,1.0,1.0,1.0,1.0,0.5,1.0,1.0,1.0,150,30720,0,780,3,134.0,70,1250000,2.0,106,287.0,273.0,56.19199134199135,150,194,120,140,13.0,0.0,122.0,1,1
280.0,2.0,2.0,1.0,1.0,1.0,0.5,1.0,1.0,2.0,1.0,1.0,1.0,1.0,1.0,0.5,1.0,1.0,1.0,100,30720,100,600,45,226.0,100,1059860,0.4,100,288.0,272.0,56.19199134199135,151,100,100,100,13.0,0.0,4.0,1,1
150.0,2.0,1.0,1.0,0.5,1.0,1.0,2.0,2.0,1.0,0.5,0.5,2.0,1.0,2.0,1.0,1.0,1.0,0.5,49,5120,70,318,45,182.0,65,1059860,0.9,45,57.0,63.0,88.1,152,49,65,45,8.0,0.0,6.4,2,0
150.0,2.0,1.0,1.0,0.5,1.0,1.0,2.0,2.0,1.0,0.5,0.5,2.0,1.0,2.0,1.0,1.0,1.0,0.5,62,5120,70,405,45,182.0,80,1059860,1.2,60,26.0,26.0,88.1,153,63,80,60,8.0,0.0,15.8,2,0
150.0,2.0,1.0,1.0,0.5,1.0,1.0,2.0,2.0,1.0,0.5,0.5,2.0,1.0,2.0,1.0,1.0,1.0,0.5,82,5120,70,525,45,150.0,100,1059860,1.8,80,280.0,266.0,88.1,154,83,100,80,8.0,0.0,100.5,2,0
8.0,0.5,1.0,1.0,1.0,0.5,1.0,0.5,1.0,1.0,0.5,2.0,0.5,1.0,1.0,1.0,2.0,0.5,2.0,52,5120,70,309,45,112.0,43,1059860,0.5,39,175.0,86.0,88.1,155,60,50,65,6.0,0.0,7.9,2,0
8.0,0.5,1.0,1.0,1.0,0.5,1.0,0.5,1.0,1.0,0.5,2.0,0.5,1.0,1.0,1.0,2.0,0.5,2.0,64,5120,70,405,45,355.0,58,1059860,0.9,58,265.0,350.0,88.1,156,80,65,80,6.0,0.0,19.0,2,0
8.0,0.5,1.0,1.0,1.0,0.5,1.0,0.5,1.0,1.0,0.5,2.0,0.5,1.0,1.0,1.0,2.0,0.5,2.0,84,5120,70,534,45,355.0,78,1059860,1.7,78,16.0,472.0,88.1,157,109,85,100,6.0,0.0,79.5,2,0
292.0,1.0,1.0,1.0,2.0,1.0,1.0,0.5,1.0,1.0,2.0,1.0,0.5,1.0,1.0,1.0,1.0,0.5,0.5,65,5120,70,314,45,28.0,64,1059860,0.6,50,486.0,466.0,88.1,158,44,48,43,16.0,0.0,9.5,2,0
292.0,1.0,1.0,1.0,2.0,1.0,1.0,0.5,1.0,1.0,2.0,1.0,0.5,1.0,1.0,1.0,1.0,0.5,0.5,80,5120,70,405,45,28.0,80,1059860,1.1,65,5.0,84.0,88.1,159,59,63,58,16.0,0.0,25.0,2,0
292.0,1.0,1.0,1.0,2.0,1.0,1.0,0.5,1.0,1.0,2.0,1.0,0.5,1.0,1.0,1.0,1.0,0.5,0.5,105,5120,70,530,45,28.0,100,1059860,2.3,85,356.0,129.0,88.1,160,79,83,78,16.0,0.0,88.8,2,0
196.0,1.0,1.0,1.0,1.0,1.0,2.0,1.0,1.0,0.0,1.0,1.0,1.0,1.0,1.0,1.0,1.0,1.0,1.0,46,3840,70,215,255,278.0,34,1000000,0.8,35,357.0,386.0,50.0,161,35,45,20,11.0,0.0,6.0,2,0
196.0,1.0,1.0,1.0,1.0,1.0,2.0,1.0,1.0,0.0,1.0,1.0,1.0,1.0,1.0,1.0,1.0,1.0,1.0,76,3840,70,415,90,192.0,64,1000000,1.8,85,355.0,137.0,50.0,162,45,55,90,11.0,0.0,32.5,2,0
90.0,0.5,1.0,1.0,2.0,1.0,1.0,1.0,1.0,0.0,0.5,0.0,2.0,1.0,1.0,1.0,2.0,1.0,1.0,30,3840,70,262,255,232.0,30,1000000,0.7,60,182.0,183.0,50.0,163,36,56,50,11.0,8.0,21.2,2,0
90.0,0.5,1.0,1.0,2.0,1.0,1.0,1.0,1.0,0.0,0.5,0.0,2.0,1.0,1.0,1.0,2.0,1.0,1.0,50,3840,70,452,90,232.0,50,1000000,1.6,100,505.0,300.0,50.0,164,86,96,70,11.0,8.0,40.8,2,0
253.0,0.5,1.0,1.0,2.0,1.0,0.25,2.0,2.0,1.0,0.25,0.0,2.0,1.0,1.0,1.0,4.0,1.0,1.0,20,3840,70,265,255,116.0,30,800000,1.0,40,403.0,221.0,50.0,165,40,80,55,0.0,8.0,10.8,2,0
252.0,0.5,1.0,1.0,2.0,1.0,0.25,2.0,2.0,1.0,0.25,0.0,2.0,1.0,1.0,1.0,4.0,1.0,1.0,35,3840,70,390,90,116.0,50,800000,1.4,55,402.0,220.0,50.0,166,55,110,85,0.0,8.0,35.6,2,0
255.0,0.5,1.0,1.0,1.0,0.5,0.25,2.0,2.0,1.0,0.25,1.0,1.0,1.0,0.5,2.0,2.0,1.0,1.0,60,3840,70,250,255,320.0,40,800000,0.5,40,188.0,428.0,50.0,167,40,40,30,0.0,13.0,8.5,2,0
255.0,0.5,1.0,1.0,1.0,0.5,0.25,2.0,2.0,1.0,0.25,1.0,1.0,1.0,0.5,2.0,2.0,1.0,1.0,90,3840,70,400,90,193.0,70,800000,1.1,70,12.0,14.0,50.0,168,60,70,40,0.0,13.0,33.5,2,0
85.0,0.25,1.0,1.0,2.0,0.5,0.25,1.0,1.0,1.0,0.25,0.0,2.0,1.0,0.5,2.0,2.0,1.0,1.0,90,3840,70,535,90,19.0,80,1000000,1.8,85,67.0,83.0,50.0,169,70,80,130,12.0,8.0,75.0,2,0
301.0,1.0,1.0,1.0,1.0,1.0,1.0,0.5,0.5,1.0,2.0,2.0,0.5,1.0,1.0,1.0,1.0,0.25,0.5,38,5120,70,330,190,2.0,38,1250000,0.5,75,59.0,66.0,50.0,170,56,56,67,16.0,4.0,12.0,2,0
301.0,1.0,1.0,1.0,1.0,1.0,1.0,0.5,0.5,1.0,2.0,2.0,0.5,1.0,1.0,1.0,1.0,0.25,0.5,58,5120,70,460,75,185.0,58,1250000,1.2,125,245.0,214.0,50.0,171,76,76,67,16.0,4.0,22.5,2,0
234.0,1.0,1.0,1.0,0.5,1.0,1.0,1.0,0.5,1.0,1.0,2.0,1.0,1.0,1.0,1.0,1.0,0.5,1.0,40,2560,70,205,190,338.0,15,1000000,0.3,20,370.0,322.0,50.0,172,35,35,60,3.0,0.0,2.0,2,0
39.0,0.5,0.5,0.0,1.0,1.0,0.5,1.0,1.0,1.0,1.0,1.0,1.0,1.0,2.0,1.0,1.0,2.0,1.0,25,2560,140,218,150,316.0,28,800000,0.3,50,393.0,72.0,24.6,173,45,55,15,4.0,0.0,3.0,2,0
36.0,0.5,0.5,0.0,1.0,1.0,1.0,1.0,1.0,0.0,1.0,1.0,1.0,1.0,2.0,1.0,1.0,2.0,1.0,30,2560,70,210,170,16.0,15,800000,0.3,90,391.0,190.0,24.6,174,40,20,15,11.0,5.0,1.0,2,0
68.0,0.5,0.5,0.0,1.0,1.0,0.5,1.0,1.0,1.0,1.0,1.0,1.0,1.0,2.0,1.0,1.0,2.0,1.0,20,2560,70,245,190,309.0,65,800000,0.3,35,465.0,461.0,88.1,175,40,65,20,4.0,0.0,1.5,2,0
68.0,0.25,0.5,0.0,2.0,1.0,0.25,1.0,1.0,1.0,0.5,0.0,2.0,1.0,2.0,1.0,2.0,2.0,1.0,40,2560,70,405,75,146.0,85,800000,0.6,55,463.0,462.0,88.1,176,80,105,40,4.0,8.0,3.2,2,0
275.0,1.0,2.0,1.0,2.0,1.0,0.25,1.0,1.0,2.0,0.5,0.0,2.0,1.0,1.0,0.5,2.0,1.0,1.0,50,5120,70,320,190,188.0,45,1000000,0.2,40,322.0,290.0,50.0,177,70,45,70,13.0,8.0,2.0,2,0
275.0,1.0,2.0,1.0,2.0,1.0,0.25,1.0,1.0,2.0,0.5,0.0,2.0,1.0,1.0,0.5,2.0,1.0,1.0,75,5120,70,470,75,224.0,70,1000000,1.5,65,321.0,510.0,50.0,178,95,70,95,13.0,8.0,15.0,2,0
235.0,1.0,1.0,1.0,0.5,1.0,1.0,1.0,0.5,1.0,1.0,2.0,1.0,1.0,1.0,1.0,1.0,0.5,1.0,40,5120,70,280,235,373.0,40,1059860,0.6,55,283.0,258.0,50.0,179,65,45,35,3.0,0.0,7.8,2,0
235.0,1.0,1.0,1.0,0.5,1.0,1.0,1.0,0.5,1.0,1.0,2.0,1.0,1.0,1.0,1.0,1.0,0.5,1.0,55,5120,70,365,120,373.0,55,1059860,0.8,70,304.0,131.0,50.0,180,80,60,45,3.0,0.0,13.3,2,0
235.0,1.0,1.0,1.0,0.5,1.0,1.0,1.0,0.5,1.0,1.0,2.0,1.0,1.0,1.0,1.0,1.0,0.5,1.0,95,5120,70,610,45,185.0,105,1059860,1.4,90,73.0,9.0,50.0,181,165,110,45,3.0,0.0,61.5,2,0
19.0,2.0,1.0,1.0,0.5,1.0,1.0,2.0,2.0,1.0,0.5,0.5,2.0,1.0,2.0,1.0,1.0,1.0,0.5,80,5120,70,490,45,120.0,95,1059860,0.4,75,226.0,30.0,50.0,182,90,100,50,8.0,0.0,5.8,2,0
283.0,0.5,0.5,0.0,2.0,1.0,0.5,0.5,1.0,1.0,2.0,1.0,0.5,1.0,2.0,1.0,1.0,1.0,0.5,20,2560,70,250,190,4.0,50,800000,0.4,70,274.0,259.0,50.0,183,20,50,40,16.0,5.0,8.5,2,0
283.0,0.5,0.5,0.0,2.0,1.0,0.5,0.5,1.0,1.0,2.0,1.0,0.5,1.0,2.0,1.0,1.0,1.0,0.5,50,2560,70,420,75,5.0,80,800000,0.8,100,273.0,19.0,50.0,184,60,80,50,16.0,5.0,28.5,2,0
247.0,1.0,1.0,1.0,1.0,1.0,2.0,0.5,0.5,1.0,2.0,2.0,1.0,0.5,0.5,1.0,1.0,2.0,2.0,100,5120,70,410,65,160.0,115,1000000,1.2,70,480.0,442.0,50.0,185,30,65,30,14.0,0.0,38.0,2,0
303.0,1.0,1.0,1.0,2.0,1.0,1.0,0.5,1.0,1.0,2.0,1.0,0.5,1.0,1.0,1.0,1.0,0.5,0.5,75,5120,70,500,45,130.0,75,1059860,1.1,90,343.0,333.0,50.0,186,90,100,70,16.0,0.0,33.9,2,0
20.0,1.0,1.0,1.0,1.0,1.0,0.5,2.0,2.0,1.0,0.25,0.0,4.0,1.0,2.0,1.0,2.0,1.0,0.5,35,5120,70,250,255,74.0,40,1059860,0.4,35,158.0,184.0,50.0,187,35,55,50,8.0,8.0,0.5,2,0
20.0,1.0,1.0,1.0,1.0,1.0,0.5,2.0,2.0,1.0,0.25,0.0,4.0,1.0,2.0,1.0,2.0,1.0,0.5,45,5120,70,340,120,74.0,50,1059860,0.6,55,381.0,407.0,50.0,188,45,65,80,8.0,8.0,1.0,2,0
20.0,1.0,1.0,1.0,1.0,1.0,0.5,2.0,2.0,1.0,0.25,0.0,4.0,1.0,2.0,1.0,2.0,1.0,0.5,55,5120,70,460,45,74.0,70,1059860,0.8,75,488.0,197.0,50.0,189,55,95,110,8.0,8.0,3.0,2,0
198.0,1.0,1.0,1.0,1.0,1.0,2.0,1.0,1.0,0.0,1.0,1.0,1.0,1.0,1.0,1.0,1.0,1.0,1.0,70,5120,70,360,45,196.0,55,800000,0.8,55,100.0,5.0,50.0,190,40,55,85,11.0,0.0,11.5,2,0
23.0,2.0,1.0,1.0,0.5,1.0,1.0,2.0,2.0,1.0,0.5,0.5,2.0,1.0,2.0,1.0,1.0,1.0,0.5,30,5120,70,180,235,291.0,30,1059860,0.3,30,172.0,445.0,50.0,191,30,30,30,8.0,0.0,1.8,2,0
23.0,2.0,1.0,1.0,0.5,1.0,1.0,2.0,2.0,1.0,0.5,0.5,2.0,1.0,2.0,1.0,1.0,1.0,0.5,75,5120,70,425,120,321.0,55,1059860,0.8,75,220.0,444.0,50.0,192,105,85,30,8.0,0.0,8.5,2,0
229.0,0.5,1.0,1.0,2.0,1.0,0.25,2.0,2.0,1.0,0.25,0.0,2.0,1.0,1.0,1.0,4.0,1.0,1.0,65,5120,70,390,75,63.0,45,1000000,1.2,65,499.0,511.0,50.0,193,75,45,95,0.0,8.0,38.0,2,0
43.0,1.0,1.0,1.0,0.0,1.0,1.0,0.5,1.0,1.0,4.0,1.0,1.0,1.0,0.5,1.0,0.5,0.5,1.0,45,5120,70,210,255,357.0,45,1000000,0.4,55,477.0,506.0,50.0,194,25,25,15,16.0,11.0,8.5,2,0
43.0,1.0,1.0,1.0,0.0,1.0,1.0,0.5,1.0,1.0,4.0,1.0,1.0,1.0,0.5,1.0,0.5,0.5,1.0,85,5120,70,430,90,357.0,85,1000000,1.4,95,338.0,349.0,50.0,195,65,65,35,16.0,11.0,75.0,2,0
278.0,2.0,2.0,1.0,1.0,1.0,0.5,1.0,1.0,2.0,1.0,1.0,1.0,1.0,1.0,0.5,1.0,1.0,1.0,65,8960,70,525,45,321.0,60,1000000,0.9,65,99.0,122.0,88.1,196,130,95,110,13.0,0.0,26.5,2,0
277.0,2.0,0.5,1.0,1.0,2.0,2.0,1.0,1.0,0.5,1.0,1.0,1.0,1.0,1.0,0.0,1.0,1.0,1.0,65,8960,35,525,45,217.0,110,1000000,1.0,95,36.0,475.0,88.1,197,60,130,65,1.0,0.0,27.0,2,0
92.0,1.0,0.5,1.0,2.0,2.0,1.0,1.0,1.0,0.5,0.5,0.0,2.0,1.0,1.0,0.0,2.0,1.0,1.0,85,5120,35,405,30,79.0,42,1059860,0.5,60,495.0,289.0,50.0,198,85,42,91,1.0,8.0,2.1,2,0
144.0,2.0,2.0,1.0,2.0,1.0,0.5,0.5,1.0,2.0,2.0,1.0,0.5,1.0,1.0,0.5,1.0,0.5,0.5,75,5120,70,490,70,272.0,80,1000000,2.0,95,491.0,414.0,50.0,199,100,110,30,16.0,14.0,79.5,2,0
117.0,0.5,2.0,1.0,1.0,1.0,0.0,1.0,1.0,2.0,1.0,1.0,1.0,0.0,0.5,1.0,1.0,1.0,1.0,60,6400,35,435,45,280.0,60,800000,0.7,60,314.0,279.0,50.0,200,85,85,85,7.0,0.0,1.0,2,0
117.0,2.0,2.0,1.0,1.0,1.0,0.5,1.0,1.0,2.0,1.0,1.0,1.0,1.0,1.0,0.5,1.0,1.0,1.0,72,10240,70,336,225,325.0,48,1000000,0.5,48,476.0,476.0,56.19199134199135,201,72,48,48,13.0,0.0,5.0,2,0
209.0,2.0,2.0,1.0,1.0,1.0,0.5,1.0,1.0,2.0,1.0,1.0,1.0,1.0,1.0,0.5,1.0,1.0,1.0,33,5120,70,405,45,235.0,58,1000000,1.3,190,442.0,505.0,50.0,202,33,58,33,13.0,0.0,28.5,2,0
83.0,2.0,2.0,1.0,1.0,1.0,1.0,1.0,1.0,0.0,1.0,1.0,1.0,1.0,1.0,0.5,1.0,1.0,1.0,80,5120,70,455,60,194.0,65,1000000,1.5,70,227.0,147.0,50.0,203,90,65,85,11.0,14.0,41.5,2,0
245.0,1.0,1.0,1.0,1.0,1.0,0.5,2.0,2.0,1.0,0.5,0.5,1.0,1.0,1.0,1.0,2.0,1.0,1.0,65,5120,70,290,190,12.0,90,1000000,0.6,50,240.0,329.0,50.0,204,35,35,15,0.0,0.0,7.2,2,0
245.0,0.5,1.0,0.5,1.0,0.5,1.0,4.0,1.0,1.0,0.25,1.0,0.5,0.5,0.0,0.5,1.0,0.5,1.0,90,5120,70,465,75,12.0,140,1000000,1.2,75,116.0,135.0,50.0,205,60,60,40,0.0,16.0,125.8,2,0
207.0,1.0,1.0,1.0,1.0,1.0,2.0,1.0,1.0,0.0,1.0,1.0,1.0,1.0,1.0,1.0,1.0,1.0,1.0,70,5120,70,415,190,178.0,70,1000000,1.5,100,333.0,107.0,50.0,206,65,65,45,11.0,0.0,14.0,2,0
74.0,0.5,1.0,1.0,0.0,1.0,0.5,1.0,1.0,1.0,1.0,0.0,4.0,1.0,0.5,1.0,1.0,1.0,2.0,75,5120,70,430,60,122.0,105,1059860,1.1,65,138.0,152.0,50.0,207,35,65,85,9.0,8.0,64.8,2,0
188.0,0.5,1.0,0.5,0.0,0.5,2.0,2.0,0.5,1.0,1.0,2.0,1.0,0.5,0.0,0.5,0.25,0.5,2.0,125,6400,70,610,25,167.0,230,1000000,9.2,75,156.0,439.0,50.0,208,55,95,30,15.0,11.0,400.0,2,0
100.0,0.5,0.5,0.0,1.0,1.0,0.5,1.0,1.0,1.0,1.0,1.0,1.0,1.0,2.0,1.0,1.0,2.0,1.0,80,5120,70,300,190,107.0,50,800000,0.6,60,44.0,424.0,24.6,209,40,40,30,4.0,0.0,7.8,2,0
98.0,0.5,0.5,0.0,1.0,1.0,0.5,1.0,1.0,1.0,1.0,1.0,1.0,1.0,2.0,1.0,1.0,2.0,1.0,120,5120,70,450,75,107.0,75,800000,1.4,90,151.0,160.0,24.6,210,60,60,45,4.0,0.0,48.7,2,0
165.0,0.5,1.0,1.0,2.0,0.5,0.5,0.5,1.0,1.0,1.0,2.0,0.5,1.0,0.5,2.0,1.0,0.5,0.5,95,5120,70,440,45,16.0,85,1000000,0.5,65,161.0,351.0,50.0,211,55,55,85,16.0,13.0,3.9,2,0
258.0,0.5,1.0,0.5,1.0,0.5,1.0,4.0,1.0,1.0,0.25,1.0,0.5,0.5,0.0,0.5,1.0,0.5,1.0,150,6400,70,600,25,239.0,140,1000000,1.8,70,162.0,379.0,50.0,212,65,100,75,0.0,16.0,118.0,2,0
243.0,1.0,1.0,1.0,1.0,1.0,1.0,1.0,1.0,1.0,1.0,1.0,1.0,0.5,0.5,1.0,2.0,2.0,2.0,10,5120,70,505,190,215.0,230,1059860,0.6,20,471.0,400.0,50.0,213,10,230,5,0.0,15.0,20.5,2,0
254.0,0.5,0.5,1.0,1.0,2.0,0.5,2.0,4.0,1.0,0.5,0.5,1.0,1.0,1.0,2.0,1.0,1.0,1.0,185,6400,70,600,45,297.0,115,1250000,1.5,80,169.0,174.0,50.0,214,40,105,75,0.0,6.0,54.0,2,0
86.0,2.0,0.5,1.0,1.0,2.0,4.0,2.0,1.0,0.5,1.0,1.0,0.5,1.0,1.0,0.0,2.0,2.0,1.0,95,5120,35,430,60,293.0,55,1059860,0.9,55,345.0,419.0,50.0,215,35,75,115,1.0,12.0,28.0,2,0
157.0,1.0,1.0,1.0,1.0,1.0,2.0,1.0,1.0,0.0,1.0,1.0,1.0,1.0,1.0,1.0,1.0,1.0,1.0,80,5120,70,330,120,187.0,50,1000000,0.6,60,173.0,456.0,50.0,216,50,50,40,11.0,0.0,8.8,2,0
62.0,1.0,1.0,1.0,1.0,1.0,2.0,1.0,1.0,0.0,1.0,1.0,1.0,1.0,1.0,1.0,1.0,1.0,1.0,130,5120,70,500,60,152.0,75,1000000,1.8,90,409.0,477.0,50.0,217,75,75,55,11.0,0.0,125.8,2,0
126.0,0.5,1.0,1.0,1.0,0.5,1.0,0.5,1.0,1.0,0.5,2.0,0.5,1.0,1.0,1.0,2.0,0.5,2.0,40,5120,70,250,190,180.0,40,1000000,0.7,40,264.0,416.0,50.0,218,70,40,20,6.0,0.0,35.0,2,0
126.0,0.5,1.0,1.0,1.0,0.5,2.0,0.25,0.5,1.0,1.0,4.0,0.5,0.5,0.5,1.0,2.0,1.0,4.0,50,5120,70,430,75,180.0,120,1000000,0.8,60,263.0,244.0,50.0,219,90,80,30,6.0,15.0,55.0,2,0
146.0,1.0,1.0,1.0,0.0,1.0,2.0,2.0,1.0,1.0,2.0,1.0,1.0,1.0,0.5,1.0,1.0,2.0,2.0,50,5120,70,250,225,238.0,40,1250000,0.4,50,478.0,451.0,50.0,220,30,30,50,10.0,11.0,6.5,2,0
146.0,1.0,1.0,1.0,0.0,1.0,2.0,2.0,1.0,1.0,2.0,1.0,1.0,1.0,0.5,1.0,1.0,2.0,2.0,100,5120,70,450,75,324.0,80,1250000,1.1,100,186.0,328.0,50.0,221,60,60,50,10.0,11.0,55.8,2,0
67.0,1.0,1.0,1.0,2.0,1.0,2.0,0.25,0.5,1.0,4.0,2.0,0.5,0.5,0.5,1.0,1.0,1.0,1.0,55,5120,70,410,60,72.0,95,800000,0.6,65,449.0,77.0,24.6,222,65,95,35,16.0,15.0,5.0,2,0
69.0,1.0,1.0,1.0,2.0,1.0,1.0,0.5,1.0,1.0,2.0,1.0,0.5,1.0,1.0,1.0,1.0,0.5,0.5,65,5120,70,300,190,169.0,35,1000000,0.6,35,458.0,365.0,50.0,223,65,35,65,16.0,0.0,12.0,2,0
250.0,1.0,1.0,1.0,2.0,1.0,1.0,0.5,1.0,1.0,2.0,1.0,0.5,1.0,1.0,1.0,1.0,0.5,0.5,105,5120,70,480,75,169.0,75,1000000,0.9,75,349.0,304.0,50.0,224,105,75,45,16.0,0.0,28.5,2,0
298.0,0.5,1.0,1.0,2.0,1.0,1.0,2.0,1.0,1.0,0.5,0.0,1.0,1.0,1.0,1.0,4.0,2.0,1.0,55,5120,70,330,45,82.0,45,800000,0.9,45,71.0,89.0,50.0,225,65,45,75,10.0,8.0,16.0,2,0
272.0,0.5,1.0,1.0,4.0,1.0,0.5,0.5,1.0,1.0,1.0,0.0,1.0,1.0,1.0,1.0,2.0,0.5,0.5,40,6400,70,485,25,174.0,70,1250000,2.1,85,271.0,256.0,50.0,226,80,140,70,16.0,8.0,220.0,2,0
112.0,0.25,1.0,0.5,2.0,0.5,1.0,2.0,0.5,1.0,0.25,0.0,1.0,0.5,0.0,0.5,1.0,0.5,1.0,80,6400,70,465,25,7.0,140,1250000,1.7,65,4.0,406.0,50.0,227,40,70,70,15.0,8.0,50.5,2,0
46.0,1.0,0.5,1.0,1.0,1.0,2.0,0.5,1.0,0.5,0.5,2.0,0.5,1.0,1.0,0.0,2.0,0.5,2.0,60,5120,35,330,120,78.0,30,1250000,0.6,45,72.0,187.0,50.0,228,80,50,65,1.0,7.0,10.8,2,0
46.0,1.0,0.5,1.0,1.0,1.0,2.0,0.5,1.0,0.5,0.5,2.0,0.5,1.0,1.0,0.0,2.0,0.5,2.0,90,5120,35,600,45,78.0,90,1250000,1.4,75,168.0,186.0,50.0,229,140,90,115,1.0,7.0,35.0,2,0
270.0,1.0,1.0,2.0,1.0,2.0,1.0,0.25,1.0,1.0,1.0,1.0,1.0,1.0,1.0,1.0,1.0,0.5,0.25,95,5120,70,540,45,89.0,95,1000000,1.8,75,222.0,205.0,50.0,230,95,95,85,16.0,3.0,152.0,2,0
158.0,1.0,1.0,1.0,0.0,1.0,1.0,1.0,1.0,1.0,2.0,1.0,2.0,1.0,0.5,1.0,0.5,1.0,2.0,60,5120,70,330,120,195.0,60,1000000,0.5,90,145.0,320.0,50.0,231,40,40,40,9.0,0.0,33.5,2,0
248.0,1.0,1.0,1.0,0.0,1.0,1.0,1.0,1.0,1.0,2.0,1.0,2.0,1.0,0.5,1.0,0.5,1.0,2.0,120,5120,70,500,60,8.0,120,1000000,1.1,90,90.0,98.0,50.0,232,60,60,50,9.0,0.0,120.0,2,0
294.0,1.0,1.0,1.0,1.0,1.0,2.0,1.0,1.0,0.0,1.0,1.0,1.0,1.0,1.0,1.0,1.0,1.0,1.0,80,5120,70,515,45,354.0,90,1000000,0.6,85,384.0,341.0,56.19199134199135,233,105,95,60,11.0,0.0,32.5,2,0
95.0,1.0,1.0,1.0,1.0,1.0,2.0,1.0,1.0,0.0,1.0,1.0,1.0,1.0,1.0,1.0,1.0,1.0,1.0,95,5120,70,465,45,27.0,62,1250000,1.4,73,346.0,433.0,50.0,234,85,65,85,11.0,0.0,71.2,2,0
155.0,1.0,1.0,1.0,1.0,1.0,2.0,1.0,1.0,0.0,1.0,1.0,1.0,1.0,1.0,1.0,1.0,1.0,1.0,20,5120,70,250,45,233.0,35,800000,1.2,55,78.0,417.0,50.0,235,20,45,75,11.0,0.0,58.0,2,0
65.0,0.5,0.5,1.0,1.0,2.0,1.0,1.0,2.0,1.0,1.0,1.0,1.0,1.0,1.0,2.0,0.5,1.0,1.0,35,6400,70,210,75,281.0,35,1000000,0.7,35,19.0,474.0,100.0,236,35,35,35,5.0,0.0,21.0,2,0
103.0,0.5,0.5,1.0,1.0,2.0,1.0,1.0,2.0,1.0,1.0,1.0,1.0,1.0,1.0,2.0,0.5,1.0,1.0,95,6400,70,455,45,145.0,95,1000000,1.4,50,211.0,180.0,100.0,237,35,110,70,5.0,0.0,48.0,2,0
143.0,2.0,2.0,1.0,1.0,1.0,1.0,2.0,1.0,2.0,1.0,1.0,0.5,1.0,1.0,0.5,2.0,2.0,1.0,30,6400,70,305,45,173.0,15,1000000,0.4,45,309.0,418.0,0.0,238,85,65,65,10.0,14.0,6.0,2,0
236.0,1.0,1.0,1.0,0.5,1.0,1.0,1.0,0.5,1.0,1.0,2.0,1.0,1.0,1.0,1.0,1.0,0.5,1.0,63,6400,70,360,45,95.0,37,1000000,0.6,45,103.0,118.0,75.4,239,65,55,95,3.0,0.0,23.5,2,0
51.0,0.5,1.0,1.0,1.0,0.5,1.0,0.5,1.0,1.0,0.5,2.0,0.5,1.0,1.0,1.0,2.0,0.5,2.0,75,6400,70,365,45,189.0,37,1000000,0.7,45,43.0,243.0,75.4,240,70,55,83,6.0,0.0,21.4,2,0
288.0,1.0,1.0,1.0,1.0,1.0,2.0,1.0,1.0,0.0,1.0,1.0,1.0,1.0,1.0,1.0,1.0,1.0,1.0,80,5120,70,490,45,213.0,105,1250000,1.2,95,292.0,276.0,0.0,241,40,70,100,11.0,0.0,75.5,2,0
138.0,1.0,1.0,1.0,1.0,1.0,2.0,1.0,1.0,0.0,1.0,1.0,1.0,1.0,1.0,1.0,1.0,1.0,1.0,10,10240,140,540,30,146.0,10,800000,1.5,255,159.0,36.0,0.0,242,75,135,55,11.0,0.0,46.8,2,0
169.0,1.0,1.0,1.0,0.5,1.0,1.0,1.0,0.5,1.0,1.0,2.0,1.0,1.0,1.0,1.0,1.0,0.5,1.0,85,20480,35,580,3,331.0,75,1250000,1.9,90,395.0,353.0,56.19199134199135,243,115,100,115,3.0,0.0,178.0,2,1
169.0,0.5,1.0,1.0,1.0,0.5,1.0,0.5,1.0,1.0,0.5,2.0,0.5,1.0,1.0,1.0,2.0,0.5,2.0,115,20480,35,580,3,355.0,85,1250000,2.1,115,109.0,121.0,56.19199134199135,244,90,75,100,6.0,0.0,198.0,2,1
169.0,1.0,1.0,1.0,2.0,1.0,1.0,0.5,1.0,1.0,2.0,1.0,0.5,1.0,1.0,1.0,1.0,0.5,0.5,75,20480,35,580,3,11.0,115,1250000,2.0,100,448.0,443.0,56.19199134199135,245,90,115,85,16.0,0.0,187.0,2,1
63.0,1.0,1.0,1.0,0.0,1.0,2.0,0.5,0.5,1.0,4.0,2.0,2.0,0.5,0.25,1.0,0.5,2.0,4.0,64,10240,35,300,45,269.0,50,1250000,0.6,50,501.0,216.0,50.0,246,45,50,41,14.0,11.0,72.0,2,0
214.0,1.0,1.0,1.0,0.0,1.0,2.0,0.5,0.5,1.0,4.0,2.0,2.0,0.5,0.25,1.0,0.5,2.0,4.0,84,10240,35,410,45,147.0,70,1250000,1.2,70,423.0,346.0,50.0,247,65,70,51,14.0,11.0,152.0,2,0
202.0,2.0,0.5,1.0,1.0,2.0,4.0,0.5,0.5,0.5,2.0,2.0,1.0,0.5,0.5,0.0,1.0,2.0,2.0,164,10240,35,700,45,8.0,150,1250000,2.0,100,21.0,473.0,50.0,248,95,120,71,14.0,2.0,202.0,2,0
170.0,1.0,2.0,1.0,2.0,1.0,0.25,1.0,1.0,2.0,0.5,0.0,2.0,1.0,1.0,0.5,2.0,1.0,1.0,90,30720,0,680,3,87.0,130,1250000,5.2,106,259.0,234.0,56.19199134199135,249,90,154,110,13.0,8.0,216.0,2,1
172.0,0.25,1.0,1.0,2.0,0.5,0.5,0.5,1.0,1.0,0.25,0.0,1.0,1.0,1.0,1.0,4.0,0.5,2.0,130,30720,0,680,3,260.0,90,1250000,3.8,106,183.0,181.0,56.19199134199135,250,110,154,90,6.0,8.0,199.0,2,1
140.0,4.0,2.0,1.0,0.5,1.0,0.5,2.0,2.0,2.0,0.5,0.5,2.0,1.0,2.0,0.5,1.0,1.0,0.5,100,30720,100,600,45,334.0,100,1059860,0.6,100,52.0,55.0,56.19199134199135,251,100,100,100,13.0,10.0,5.0,2,1
152.0,2.0,1.0,1.0,0.5,1.0,1.0,2.0,2.0,1.0,0.5,0.5,2.0,1.0,2.0,1.0,1.0,1.0,0.5,45,5120,70,310,45,372.0,35,1059860,0.5,40,221.0,469.0,88.1,252,65,55,70,8.0,0.0,5.0,3,0
152.0,2.0,1.0,1.0,0.5,1.0,1.0,2.0,2.0,1.0,0.5,0.5,2.0,1.0,2.0,1.0,1.0,1.0,0.5,65,5120,70,405,45,372.0,45,1059860,0.9,50,198.0,165.0,88.1,253,85,65,95,8.0,0.0,21.6,3,0
152.0,2.0,1.0,1.0,0.5,1.0,1.0,2.0,2.0,1.0,0.5,0.5,2.0,1.0,2.0,1.0,1.0,1.0,0.5,110,5120,70,630,45,124.0,75,1059860,1.7,70,196.0,378.0,88.1,254,145,85,145,8.0,0.0,52.2,3,0
12.0,0.5,1.0,1.0,1.0,0.5,1.0,0.5,1.0,1.0,0.5,2.0,0.5,1.0,1.0,1.0,2.0,0.5,2.0,60,5120,70,310,45,58.0,40,1059860,0.4,45,1.0,463.0,88.1,255,70,50,45,6.0,0.0,2.5,3,0
12.0,0.25,0.5,1.0,1.0,1.0,1.0,0.5,2.0,1.0,0.5,2.0,0.5,1.0,1.0,2.0,1.0,0.5,2.0,85,5120,70,405,45,375.0,60,1059860,0.9,60,485.0,75.0,88.1,256,85,60,55,6.0,6.0,19.5,3,0
12.0,0.25,0.5,1.0,1.0,1.0,1.0,0.5,2.0,1.0,0.5,2.0,0.5,1.0,1.0,2.0,1.0,0.5,2.0,160,5120,70,630,45,36.0,80,1059860,1.9,80,47.0,35.0,88.1,257,130,80,100,6.0,6.0,52.0,3,0
289.0,1.0,1.0,1.0,2.0,1.0,1.0,0.5,1.0,1.0,2.0,1.0,0.5,1.0,1.0,1.0,1.0,0.5,0.5,70,5120,70,310,45,220.0,50,1059860,0.4,50,302.0,285.0,88.1,258,50,50,40,16.0,0.0,7.6,3,0
289.0,1.0,1.0,1.0,0.0,1.0,1.0,0.5,1.0,1.0,4.0,1.0,1.0,1.0,0.5,1.0,0.5,0.5,1.0,85,5120,70,405,45,220.0,70,1059860,0.7,70,337.0,261.0,88.1,259,60,70,50,16.0,11.0,28.0,3,0
289.0,1.0,1.0,1.0,0.0,1.0,1.0,0.5,1.0,1.0,4.0,1.0,1.0,1.0,0.5,1.0,0.5,0.5,1.0,150,5120,70,635,45,220.0,110,1059860,1.5,100,244.0,449.0,88.1,260,95,110,70,16.0,11.0,81.9,3,0
200.0,2.0,0.5,1.0,1.0,2.0,2.0,1.0,1.0,0.5,1.0,1.0,1.0,1.0,1.0,0.0,1.0,1.0,1.0,55,3840,70,220,255,32.0,35,1000000,0.5,35,378.0,338.0,50.0,261,30,30,35,1.0,0.0,13.6,3,0
97.0,2.0,0.5,1.0,1.0,2.0,2.0,1.0,1.0,0.5,1.0,1.0,1.0,1.0,1.0,0.0,1.0,1.0,1.0,90,3840,70,420,127,32.0,70,1000000,1.0,70,150.0,274.0,50.0,262,60,60,70,1.0,0.0,37.0,3,0
156.0,1.0,1.0,1.0,1.0,1.0,2.0,1.0,1.0,0.0,1.0,1.0,1.0,1.0,1.0,1.0,1.0,1.0,1.0,30,3840,70,240,255,339.0,41,1000000,0.4,38,193.0,515.0,50.0,263,30,41,60,11.0,0.0,17.5,3,0
156.0,1.0,1.0,1.0,1.0,1.0,2.0,1.0,1.0,0.0,1.0,1.0,1.0,1.0,1.0,1.0,1.0,1.0,1.0,70,3840,70,420,90,274.0,61,1000000,0.5,78,277.0,227.0,50.0,264,50,61,100,11.0,0.0,32.5,3,0
218.0,1.0,1.0,1.0,1.0,1.0,0.5,2.0,2.0,1.0,0.5,0.5,1.0,1.0,1.0,1.0,2.0,1.0,1.0,45,3840,70,195,255,374.0,35,1000000,0.3,45,217.0,508.0,50.0,265,20,30,20,0.0,0.0,3.6,3,0
214.0,1.0,1.0,1.0,1.0,1.0,0.5,2.0,2.0,1.0,0.5,0.5,1.0,1.0,1.0,1.0,2.0,1.0,1.0,35,3840,70,205,120,67.0,55,1000000,0.6,50,214.0,402.0,50.0,266,25,25,15,0.0,0.0,10.0,3,0
256.0,0.5,1.0,1.0,2.0,1.0,0.25,2.0,2.0,1.0,0.25,0.0,2.0,1.0,1.0,1.0,4.0,1.0,1.0,70,3840,70,395,45,50.0,50,1000000,1.0,60,2.0,27.0,50.0,267,100,50,65,0.0,8.0,28.4,3,0
214.0,1.0,1.0,1.0,1.0,1.0,0.5,2.0,2.0,1.0,0.5,0.5,1.0,1.0,1.0,1.0,2.0,1.0,1.0,35,3840,70,205,120,67.0,55,1000000,0.7,50,279.0,52.0,50.0,268,25,25,15,0.0,0.0,11.5,3,0
217.0,0.5,1.0,1.0,1.0,0.5,0.25,2.0,2.0,1.0,0.25,1.0,1.0,1.0,0.5,2.0,2.0,1.0,1.0,50,3840,70,385,45,249.0,70,1000000,1.2,60,87.0,111.0,50.0,269,50,90,65,0.0,13.0,31.6,3,0
265.0,2.0,1.0,1.0,1.0,1.0,1.0,1.0,2.0,1.0,1.0,0.5,1.0,1.0,2.0,1.0,1.0,0.5,0.25,30,3840,70,220,255,358.0,30,1059860,0.5,40,163.0,230.0,50.0,270,40,50,30,16.0,10.0,2.6,3,0
265.0,2.0,1.0,1.0,1.0,1.0,1.0,1.0,2.0,1.0,1.0,0.5,1.0,1.0,2.0,1.0,1.0,0.5,0.25,50,3840,70,340,120,170.0,50,1059860,1.2,60,164.0,228.0,50.0,271,60,70,50,16.0,10.0,32.5,3,0
265.0,2.0,1.0,1.0,1.0,1.0,1.0,1.0,2.0,1.0,1.0,0.5,1.0,1.0,2.0,1.0,1.0,0.5,0.25,70,3840,70,480,45,52.0,70,1059860,1.5,80,417.0,233.0,50.0,272,90,100,70,16.0,10.0,55.0,3,0
14.0,2.0,1.0,1.0,0.5,1.0,1.0,2.0,2.0,1.0,0.5,0.5,2.0,1.0,2.0,1.0,1.0,1.0,0.5,40,3840,70,220,255,0.0,50,1059860,0.5,40,453.0,384.0,50.0,273,30,30,30,8.0,0.0,4.0,3,0
14.0,4.0,0.5,1.0,0.5,2.0,2.0,2.0,2.0,0.5,0.5,0.5,2.0,1.0,2.0,0.0,1.0,1.0,0.5,70,3840,70,340,120,368.0,40,1059860,1.0,70,235.0,303.0,50.0,274,60,40,60,8.0,2.0,28.0,3,0
14.0,4.0,0.5,1.0,0.5,2.0,2.0,2.0,2.0,0.5,0.5,0.5,2.0,1.0,2.0,0.0,1.0,1.0,0.5,100,3840,70,480,45,363.0,60,1059860,1.3,90,77.0,397.0,50.0,275,90,60,80,8.0,2.0,59.6,3,0
64.0,0.5,1.0,1.0,2.0,1.0,1.0,1.0,1.0,0.0,0.5,0.0,2.0,1.0,1.0,1.0,2.0,1.0,1.0,55,3840,70,270,200,341.0,30,1059860,0.3,40,446.0,452.0,50.0,276,30,30,85,11.0,8.0,2.3,3,0
64.0,0.5,1.0,1.0,2.0,1.0,1.0,1.0,1.0,0.0,0.5,0.0,2.0,1.0,1.0,1.0,2.0,1.0,1.0,85,3840,70,455,45,323.0,60,1059860,0.7,60,347.0,450.0,50.0,277,75,50,125,11.0,8.0,19.8,3,0
106.0,0.5,1.0,1.0,4.0,1.0,0.5,0.5,1.0,1.0,1.0,0.0,1.0,1.0,1.0,1.0,2.0,0.5,0.5,30,5120,70,270,190,290.0,30,1000000,0.6,40,49.0,504.0,50.0,278,55,30,85,16.0,8.0,9.5,3,0
105.0,0.5,1.0,1.0,4.0,1.0,0.5,0.5,1.0,1.0,1.0,0.0,1.0,1.0,1.0,1.0,2.0,0.5,0.5,50,5120,70,440,45,356.0,100,1000000,1.2,60,366.0,318.0,50.0,279,95,70,65,16.0,8.0,28.0,3,0
279.0,1.0,1.0,0.0,1.0,1.0,0.25,1.0,1.0,2.0,1.0,1.0,1.0,1.0,2.0,0.5,1.0,2.0,1.0,25,5120,35,198,235,110.0,25,1250000,0.4,28,397.0,354.0,50.0,280,45,35,40,13.0,5.0,6.6,3,0
279.0,1.0,1.0,0.0,1.0,1.0,0.25,1.0,1.0,2.0,1.0,1.0,1.0,1.0,2.0,0.5,1.0,2.0,1.0,35,5120,35,278,120,99.0,35,1250000,0.8,38,228.0,207.0,50.0,281,65,55,50,13.0,5.0,20.2,3,0
279.0,1.0,1.0,0.0,1.0,1.0,0.25,1.0,1.0,2.0,1.0,1.0,1.0,1.0,2.0,0.5,1.0,2.0,1.0,85,5120,35,618,45,98.0,65,1250000,1.6,68,435.0,141.0,50.0,282,165,135,100,13.0,5.0,48.4,3,0
266.0,1.0,1.0,1.0,2.0,1.0,0.5,1.0,2.0,1.0,1.0,0.5,0.5,1.0,1.0,1.0,2.0,0.5,0.5,30,3840,70,269,200,252.0,32,1000000,0.5,40,7.0,446.0,50.0,283,50,52,65,0.0,17.0,1.7,3,0
104.0,0.5,1.0,1.0,2.0,1.0,0.25,2.0,2.0,1.0,0.25,0.0,2.0,1.0,1.0,1.0,4.0,1.0,1.0,60,3840,70,454,75,105.0,62,1000000,0.8,70,6.0,262.0,50.0,284,100,82,80,0.0,8.0,3.6,3,0
49.0,2.0,1.0,1.0,0.5,1.0,1.0,2.0,2.0,1.0,0.5,0.5,2.0,1.0,2.0,1.0,1.0,1.0,0.5,40,3840,70,295,255,221.0,60,1640000,0.4,60,224.0,399.0,50.0,285,40,60,35,8.0,0.0,4.5,3,0
50.0,1.0,0.5,1.0,0.5,2.0,1.0,2.0,4.0,1.0,0.5,0.5,2.0,1.0,2.0,2.0,0.5,1.0,0.5,130,3840,70,460,90,221.0,80,1640000,1.2,60,225.0,38.0,50.0,286,60,60,70,8.0,6.0,39.2,3,0
295.0,1.0,1.0,1.0,1.0,1.0,2.0,1.0,1.0,0.0,1.0,1.0,1.0,1.0,1.0,1.0,1.0,1.0,1.0,60,3840,70,280,255,300.0,60,1250000,0.8,60,318.0,412.0,50.0,287,35,35,30,11.0,0.0,24.0,3,0
300.0,1.0,1.0,1.0,1.0,1.0,2.0,1.0,1.0,0.0,1.0,1.0,1.0,1.0,1.0,1.0,1.0,1.0,1.0,80,3840,70,440,120,366.0,80,1250000,1.4,80,500.0,487.0,50.0,288,55,55,90,11.0,0.0,46.5,3,0
295.0,1.0,1.0,1.0,1.0,1.0,2.0,1.0,1.0,0.0,1.0,1.0,1.0,1.0,1.0,1.0,1.0,1.0,1.0,160,3840,70,670,45,181.0,100,1250000,2.0,150,216.0,411.0,50.0,289,95,65,100,11.0,0.0,130.5,3,0
32.0,1.0,1.0,1.0,0.0,1.0,0.5,2.0,2.0,1.0,1.0,0.5,2.0,1.0,0.5,1.0,1.0,1.0,2.0,45,3840,70,266,255,343.0,90,600000,0.5,31,473.0,297.0,50.0,290,30,30,40,0.0,11.0,5.5,3,0
230.0,0.5,1.0,1.0,2.0,1.0,0.25,2.0,2.0,1.0,0.25,0.0,2.0,1.0,1.0,1.0,4.0,1.0,1.0,90,3840,70,456,120,227.0,45,600000,0.8,61,457.0,299.0,50.0,291,50,50,160,0.0,8.0,12.0,3,0
309.0,0.5,2.0,1.0,1.0,1.0,0.0,2.0,2.0,2.0,0.5,0.5,1.0,0.0,0.5,1.0,2.0,1.0,1.0,90,3840,70,236,45,294.0,45,600000,0.8,1,336.0,392.0,56.19199134199135,292,30,30,40,0.0,9.0,1.2,3,0
226.0,1.0,1.0,1.0,1.0,1.0,2.0,1.0,1.0,0.0,1.0,1.0,1.0,1.0,1.0,1.0,1.0,1.0,1.0,51,5120,70,240,190,362.0,23,1059860,0.6,64,147.0,502.0,50.0,293,51,23,28,11.0,0.0,16.3,3,0
227.0,1.0,1.0,1.0,1.0,1.0,2.0,1.0,1.0,0.0,1.0,1.0,1.0,1.0,1.0,1.0,1.0,1.0,1.0,71,5120,70,360,120,29.0,43,1059860,1.0,84,83.0,231.0,50.0,294,71,43,48,11.0,0.0,40.5,3,0
227.0,1.0,1.0,1.0,1.0,1.0,2.0,1.0,1.0,0.0,1.0,1.0,1.0,1.0,1.0,1.0,1.0,1.0,1.0,91,5120,70,490,45,199.0,63,1059860,1.5,104,17.0,125.0,50.0,295,91,73,68,11.0,0.0,84.0,3,0
282.0,0.5,0.5,1.0,1.0,2.0,1.0,1.0,2.0,1.0,1.0,1.0,1.0,1.0,1.0,2.0,0.5,1.0,1.0,60,5120,70,237,180,143.0,30,1640000,1.0,72,266.0,251.0,75.4,296,20,30,25,5.0,0.0,86.4,3,0
282.0,0.5,0.5,1.0,1.0,2.0,1.0,1.0,2.0,1.0,1.0,1.0,1.0,1.0,1.0,2.0,0.5,1.0,1.0,120,5120,70,474,200,6.0,60,1640000,2.3,144,160.0,171.0,75.4,297,40,60,50,5.0,0.0,253.8,3,0
283.0,0.5,0.5,0.0,1.0,1.0,1.0,1.0,1.0,0.0,1.0,1.0,1.0,1.0,2.0,1.0,1.0,2.0,1.0,20,2560,70,190,150,251.0,40,800000,0.2,50,418.0,20.0,24.6,298,20,40,20,11.0,5.0,2.0,3,0
244.0,1.0,1.0,1.0,1.0,1.0,2.0,0.5,0.5,1.0,2.0,2.0,1.0,0.5,0.5,1.0,1.0,2.0,2.0,45,5120,70,375,255,70.0,135,1000000,1.0,30,334.0,301.0,50.0,299,45,90,30,14.0,0.0,97.0,3,0
41.0,1.0,1.0,1.0,1.0,1.0,2.0,1.0,1.0,0.0,1.0,1.0,1.0,1.0,1.0,1.0,1.0,1.0,1.0,45,3840,70,260,255,175.0,45,800000,0.6,50,107.0,408.0,24.6,300,35,35,50,11.0,0.0,11.0,3,0
41.0,1.0,1.0,1.0,1.0,1.0,2.0,1.0,1.0,0.0,1.0,1.0,1.0,1.0,1.0,1.0,1.0,1.0,1.0,65,3840,70,400,60,254.0,65,800000,1.1,70,108.0,88.0,24.6,301,55,55,90,11.0,0.0,32.6,3,0
111.0,1.0,1.0,1.0,1.0,2.0,0.0,1.0,1.0,1.0,1.0,1.0,1.0,0.0,0.5,0.0,1.0,1.0,1.0,85,6400,35,480,45,79.0,125,1059860,0.5,50,496.0,373.0,50.0,302,85,115,20,1.0,9.0,11.0,3,0
72.0,0.25,0.5,0.0,1.0,0.5,1.0,2.0,0.5,1.0,0.5,2.0,0.5,0.5,0.0,0.5,0.5,1.0,1.0,105,5120,70,480,45,80.0,125,800000,0.6,50,239.0,263.0,50.0,303,55,95,50,15.0,5.0,11.5,3,0
246.0,0.5,1.0,0.5,1.0,0.5,4.0,1.0,0.25,1.0,1.0,4.0,0.5,0.25,0.0,0.5,0.5,1.0,2.0,70,8960,35,330,180,162.0,100,1250000,0.4,50,63.0,16.0,50.0,304,40,40,30,15.0,15.0,60.0,3,0
246.0,0.5,1.0,0.5,1.0,0.5,4.0,1.0,0.25,1.0,1.0,4.0,0.5,0.25,0.0,0.5,0.5,1.0,2.0,90,8960,35,430,90,162.0,140,1250000,0.9,60,229.0,213.0,50.0,305,50,50,40,15.0,15.0,120.0,3,0
246.0,0.5,1.0,0.5,1.0,0.5,4.0,1.0,0.25,1.0,1.0,4.0,0.5,0.25,0.0,0.5,0.5,1.0,2.0,140,8960,35,630,45,162.0,230,1250000,2.1,70,42.0,4.0,50.0,306,60,80,50,15.0,15.0,360.0,3,0
180.0,1.0,1.0,1.0,1.0,2.0,0.5,1.0,2.0,2.0,1.0,1.0,1.0,1.0,1.0,1.0,0.5,1.0,1.0,40,5120,70,280,180,209.0,55,1000000,0.6,30,14.0,265.0,50.0,307,40,55,60,5.0,14.0,11.2,3,0
180.0,1.0,1.0,1.0,1.0,2.0,0.5,1.0,2.0,2.0,1.0,1.0,1.0,1.0,1.0,1.0,0.5,1.0,1.0,100,5120,70,510,90,209.0,85,1000000,1.3,60,54.0,264.0,50.0,308,80,85,100,5.0,14.0,31.5,3,0
232.0,1.0,1.0,1.0,0.5,1.0,1.0,1.0,0.5,1.0,1.0,2.0,1.0,1.0,1.0,1.0,1.0,0.5,1.0,45,5120,70,295,120,186.0,40,1250000,0.6,40,396.0,116.0,50.0,309,65,40,65,3.0,0.0,15.2,3,0
232.0,1.0,1.0,1.0,0.5,1.0,1.0,1.0,0.5,1.0,1.0,2.0,1.0,1.0,1.0,1.0,1.0,0.5,1.0,75,5120,70,575,45,85.0,80,1250000,1.5,70,253.0,254.0,50.0,310,135,80,135,3.0,0.0,40.2,3,0
161.0,1.0,1.0,1.0,0.5,1.0,1.0,1.0,0.5,1.0,1.0,2.0,1.0,1.0,1.0,1.0,1.0,0.5,1.0,50,5120,70,405,200,56.0,40,1000000,0.4,60,388.0,332.0,50.0,311,85,75,95,3.0,0.0,4.2,3,0
130.0,1.0,1.0,1.0,0.5,1.0,1.0,1.0,0.5,1.0,1.0,2.0,1.0,1.0,1.0,1.0,1.0,0.5,1.0,40,5120,70,405,200,56.0,50,1000000,0.4,60,299.0,278.0,50.0,312,75,85,95,3.0,0.0,4.2,3,0
80.0,1.0,1.0,1.0,1.0,1.0,0.5,2.0,2.0,1.0,0.5,0.5,1.0,1.0,1.0,1.0,2.0,1.0,1.0,73,3840,70,430,150,114.0,75,600000,0.7,65,25.0,489.0,100.0,313,47,85,85,0.0,0.0,17.7,3,0
147.0,1.0,1.0,1.0,1.0,1.0,0.5,2.0,2.0,1.0,0.5,0.5,1.0,1.0,1.0,1.0,2.0,1.0,1.0,47,3840,70,430,150,114.0,75,1640000,0.6,65,185.0,191.0,0.0,314,73,85,85,0.0,0.0,17.7,3,0
135.0,1.0,1.0,1.0,0.5,0.5,0.5,2.0,2.0,1.0,0.25,1.0,2.0,1.0,1.0,2.0,1.0,1.0,0.5,60,5120,70,400,150,330.0,45,1059860,0.3,50,412.0,370.0,50.0,315,100,80,65,8.0,13.0,2.0,3,0
125.0,0.5,1.0,1.0,1.0,0.5,0.5,1.0,1.0,1.0,0.5,2.0,1.0,1.0,0.5,2.0,1.0,1.0,1.0,43,5120,70,302,225,319.0,53,1640000,0.4,70,140.0,168.0,50.0,316,43,53,40,12.0,0.0,10.3,3,0
125.0,0.5,1.0,1.0,1.0,0.5,0.5,1.0,1.0,1.0,0.5,2.0,1.0,1.0,0.5,2.0,1.0,1.0,1.0,73,5120,70,467,75,246.0,83,1640000,1.7,100,276.0,448.0,50.0,317,73,83,55,12.0,0.0,80.0,3,0
190.0,2.0,0.5,1.0,2.0,2.0,2.0,0.5,1.0,0.5,2.0,1.0,0.5,1.0,1.0,0.0,1.0,0.5,0.5,90,5120,35,305,225,275.0,20,1250000,0.8,45,219.0,51.0,50.0,318,65,20,65,16.0,2.0,20.8,3,0
190.0,2.0,0.5,1.0,2.0,2.0,2.0,0.5,1.0,0.5,2.0,1.0,0.5,1.0,1.0,0.0,1.0,0.5,0.5,140,5120,35,560,60,46.0,70,1250000,1.8,70,422.0,390.0,50.0,319,110,65,105,16.0,2.0,88.8,3,0
307.0,1.0,1.0,1.0,2.0,1.0,1.0,0.5,1.0,1.0,2.0,1.0,0.5,1.0,1.0,1.0,1.0,0.5,0.5,70,10240,70,400,125,15.0,35,1640000,2.0,130,181.0,492.0,50.0,320,70,35,60,16.0,0.0,130.0,3,0
307.0,1.0,1.0,1.0,2.0,1.0,1.0,0.5,1.0,1.0,2.0,1.0,0.5,1.0,1.0,1.0,1.0,0.5,0.5,90,10240,70,500,60,119.0,45,1640000,14.5,170,489.0,493.0,50.0,321,90,45,60,16.0,0.0,398.0,3,0
145.0,0.5,1.0,1.0,0.0,0.5,1.0,0.5,1.0,1.0,1.0,2.0,1.0,1.0,0.5,1.0,1.0,0.5,4.0,60,5120,70,305,255,228.0,40,1000000,0.7,60,92.0,302.0,50.0,322,65,45,35,6.0,11.0,24.0,3,0
127.0,0.5,1.0,1.0,0.0,0.5,1.0,0.5,1.0,1.0,1.0,2.0,1.0,1.0,0.5,1.0,1.0,0.5,4.0,120,5120,70,560,150,103.0,100,1000000,1.9,70,18.0,49.0,50.0,323,145,105,20,6.0,11.0,220.0,3,0
308.0,0.5,1.0,1.0,1.0,0.5,1.0,0.5,1.0,1.0,0.5,2.0,0.5,1.0,1.0,1.0,2.0,0.5,2.0,85,5120,70,470,90,64.0,140,1000000,0.5,70,64.0,464.0,50.0,324,85,70,20,6.0,0.0,80.4,3,0
287.0,2.0,2.0,1.0,1.0,1.0,0.5,1.0,1.0,2.0,1.0,1.0,1.0,1.0,1.0,0.5,1.0,1.0,1.0,25,5120,70,330,255,41.0,35,800000,0.7,60,20.0,431.0,50.0,325,70,80,60,13.0,0.0,30.6,3,0
287.0,2.0,2.0,1.0,1.0,1.0,0.5,1.0,1.0,2.0,1.0,1.0,1.0,1.0,1.0,0.5,1.0,1.0,1.0,45,5120,70,470,60,206.0,65,800000,0.9,80,40.0,167.0,50.0,326,90,110,80,13.0,0.0,71.5,3,0
154.0,1.0,1.0,1.0,1.0,1.0,2.0,1.0,1.0,0.0,1.0,1.0,1.0,1.0,1.0,1.0,1.0,1.0,1.0,60,3840,70,360,255,313.0,60,800000,1.1,60,363.0,429.0,50.0,327,60,60,60,11.0,0.0,5.0,3,0
71.0,1.0,1.0,1.0,0.0,1.0,1.0,1.0,1.0,1.0,2.0,1.0,2.0,1.0,0.5,1.0,0.5,1.0,2.0,100,5120,70,290,255,3.0,45,1059860,0.7,45,335.0,468.0,50.0,328,45,45,10,9.0,0.0,15.0,3,0
117.0,1.0,1.0,2.0,0.0,2.0,1.0,0.5,1.0,1.0,1.0,1.0,4.0,1.0,0.5,1.0,0.5,1.0,1.0,70,5120,70,340,120,351.0,50,1059860,1.1,50,483.0,484.0,50.0,329,50,50,70,9.0,3.0,15.3,3,0
117.0,1.0,1.0,2.0,0.0,2.0,1.0,0.5,1.0,1.0,1.0,1.0,4.0,1.0,0.5,1.0,0.5,1.0,1.0,100,5120,70,520,45,224.0,80,1059860,2.0,80,114.0,134.0,50.0,330,80,80,100,9.0,3.0,82.0,3,0
206.0,2.0,1.0,1.0,0.5,1.0,1.0,2.0,2.0,1.0,0.5,0.5,2.0,1.0,2.0,1.0,1.0,1.0,0.5,85,5120,35,335,190,51.0,40,1059860,0.4,50,419.0,47.0,50.0,331,85,40,35,8.0,0.0,51.3,3,0
206.0,4.0,0.5,1.0,0.5,2.0,2.0,2.0,2.0,0.5,0.5,0.5,2.0,1.0,2.0,0.0,1.0,1.0,0.5,115,5120,35,475,60,276.0,60,1059860,1.3,70,332.0,48.0,50.0,332,115,60,55,8.0,2.0,77.4,3,0
134.0,0.5,1.0,1.0,2.0,1.0,1.0,1.0,1.0,0.0,0.5,0.0,2.0,1.0,1.0,1.0,2.0,1.0,1.0,40,5120,70,310,255,73.0,60,600000,0.4,45,475.0,447.0,50.0,333,40,75,50,11.0,8.0,1.2,3,0
134.0,0.5,1.0,2.0,1.0,2.0,0.5,0.5,1.0,1.0,0.25,0.0,4.0,1.0,1.0,1.0,2.0,1.0,0.5,110,5120,70,590,45,156.0,110,600000,1.1,75,474.0,7.0,50.0,334,110,105,80,2.0,8.0,20.6,3,0
82.0,1.0,1.0,1.0,1.0,1.0,2.0,1.0,1.0,0.0,1.0,1.0,1.0,1.0,1.0,1.0,1.0,1.0,1.0,115,5120,70,458,90,53.0,60,600000,1.3,73,513.0,513.0,50.0,335,60,60,90,11.0,0.0,40.3,3,0
210.0,0.5,1.0,1.0,1.0,0.5,0.5,1.0,1.0,1.0,0.5,2.0,1.0,1.0,0.5,2.0,1.0,1.0,1.0,100,5120,70,458,90,109.0,60,1640000,2.7,73,155.0,389.0,50.0,336,100,60,65,12.0,0.0,52.5,3,0
117.0,2.0,2.0,1.0,1.0,1.0,1.0,0.5,0.5,2.0,2.0,2.0,1.0,0.5,0.5,0.5,1.0,2.0,2.0,55,6400,70,460,45,212.0,65,800000,1.0,90,260.0,236.0,56.19199134199135,337,95,85,70,14.0,14.0,168.0,3,0
117.0,2.0,2.0,1.0,1.0,1.0,1.0,0.5,0.5,2.0,2.0,2.0,1.0,0.5,0.5,0.5,1.0,2.0,2.0,95,6400,70,460,45,212.0,85,800000,1.2,90,441.0,425.0,56.19199134199135,338,55,65,70,14.0,14.0,154.0,3,0
141.0,1.0,1.0,1.0,0.0,1.0,1.0,0.5,1.0,1.0,4.0,1.0,1.0,1.0,0.5,1.0,0.5,0.5,1.0,48,5120,70,288,190,361.0,43,1000000,0.4,50,86.0,24.0,50.0,339,46,41,60,16.0,11.0,1.9,3,0
141.0,1.0,1.0,1.0,0.0,1.0,1.0,0.5,1.0,1.0,4.0,1.0,1.0,1.0,0.5,1.0,0.5,0.5,1.0,78,5120,70,468,75,361.0,73,1000000,0.9,110,319.0,501.0,50.0,340,76,71,60,16.0,11.0,23.6,3,0
76.0,1.0,1.0,1.0,2.0,1.0,1.0,0.5,1.0,1.0,2.0,1.0,0.5,1.0,1.0,1.0,1.0,0.5,0.5,80,3840,70,308,205,273.0,65,1640000,0.6,43,167.0,76.0,50.0,341,50,35,35,16.0,0.0,11.5,3,0
76.0,2.0,0.5,1.0,2.0,2.0,2.0,0.5,1.0,0.5,2.0,1.0,0.5,1.0,1.0,0.0,1.0,0.5,0.5,120,3840,70,468,155,271.0,85,1640000,1.1,63,431.0,80.0,50.0,342,90,55,55,16.0,2.0,32.8,3,0
117.0,2.0,2.0,1.0,0.0,1.0,0.5,1.0,1.0,2.0,2.0,1.0,2.0,1.0,0.5,0.5,0.5,1.0,2.0,40,5120,70,300,255,62.0,55,1000000,0.5,40,494.0,22.0,56.19199134199135,343,40,70,55,9.0,14.0,21.5,3,0
117.0,2.0,2.0,1.0,0.0,1.0,0.5,1.0,1.0,2.0,2.0,1.0,2.0,1.0,0.5,0.5,0.5,1.0,2.0,70,5120,70,500,90,62.0,105,1000000,1.5,60,324.0,69.0,56.19199134199135,344,70,120,75,9.0,14.0,108.0,3,0
251.0,2.0,1.0,1.0,0.5,1.0,2.0,1.0,1.0,1.0,1.0,1.0,2.0,0.5,1.0,1.0,1.0,2.0,1.0,41,7680,70,355,45,284.0,77,600000,1.0,66,251.0,225.0,88.1,345,61,87,23,14.0,10.0,23.8,3,0
251.0,2.0,1.0,1.0,0.5,1.0,2.0,1.0,1.0,1.0,1.0,1.0,2.0,0.5,1.0,1.0,1.0,2.0,1.0,81,7680,70,495,45,17.0,97,600000,1.5,86,511.0,78.0,88.1,346,81,107,43,14.0,10.0,60.4,3,0
7.0,1.0,1.0,1.0,1.0,1.0,1.0,1.0,1.0,1.0,1.0,1.0,1.0,0.5,0.5,1.0,2.0,2.0,2.0,95,7680,70,355,45,231.0,50,600000,0.7,45,8.0,10.0,88.1,347,40,50,75,14.0,1.0,12.5,3,0
7.0,1.0,1.0,1.0,1.0,1.0,1.0,1.0,1.0,1.0,1.0,1.0,1.0,0.5,0.5,1.0,2.0,2.0,2.0,125,7680,70,495,45,242.0,100,600000,1.5,75,13.0,15.0,88.1,348,70,80,45,14.0,1.0,68.2,3,0
264.0,1.0,1.0,1.0,2.0,1.0,1.0,0.5,1.0,1.0,2.0,1.0,0.5,1.0,1.0,1.0,1.0,0.5,0.5,15,5120,70,200,255,115.0,20,600000,0.6,20,174.0,128.0,50.0,349,10,55,80,16.0,0.0,7.4,3,0
129.0,1.0,1.0,1.0,2.0,1.0,1.0,0.5,1.0,1.0,2.0,1.0,0.5,1.0,1.0,1.0,1.0,0.5,0.5,60,5120,70,540,60,328.0,79,600000,6.2,95,291.0,275.0,50.0,350,100,125,81,16.0,0.0,162.0,3,0
56.0,1.0,1.0,1.0,1.0,1.0,2.0,1.0,1.0,0.0,1.0,1.0,1.0,1.0,1.0,1.0,1.0,1.0,1.0,70,6400,70,420,45,359.0,70,1000000,0.3,70,387.0,53.0,50.0,351,70,70,70,11.0,0.0,0.8,3,0
31.0,1.0,1.0,1.0,1.0,1.0,2.0,1.0,1.0,0.0,1.0,1.0,1.0,1.0,1.0,1.0,1.0,1.0,1.0,90,5120,70,440,200,68.0,70,1059860,1.0,60,207.0,204.0,50.0,352,60,120,40,11.0,0.0,22.0,3,0
89.0,0.5,2.0,1.0,1.0,1.0,0.0,1.0,1.0,2.0,1.0,1.0,1.0,0.0,0.5,1.0,1.0,1.0,1.0,75,6400,35,295,225,257.0,35,800000,0.6,44,203.0,401.0,50.0,353,63,33,45,7.0,0.0,2.3,3,0
89.0,0.5,2.0,1.0,1.0,1.0,0.0,1.0,1.0,2.0,1.0,1.0,1.0,0.0,0.5,1.0,1.0,1.0,1.0,165,6400,35,555,45,208.0,75,800000,1.1,64,197.0,23.0,50.0,354,93,83,75,7.0,0.0,12.5,3,0
115.0,0.5,2.0,1.0,1.0,1.0,0.0,1.0,1.0,2.0,1.0,1.0,1.0,0.0,0.5,1.0,1.0,1.0,1.0,40,6400,35,295,190,264.0,90,800000,0.8,20,502.0,110.0,50.0,355,30,90,25,7.0,0.0,15.0,3,0
167.0,0.5,2.0,1.0,1.0,1.0,0.0,1.0,1.0,2.0,1.0,1.0,1.0,0.0,0.5,1.0,1.0,1.0,1.0,70,6400,35,455,90,22.0,130,800000,1.6,40,421.0,108.0,50.0,356,60,130,25,7.0,0.0,30.6,3,0
24.0,1.0,1.0,1.0,1.0,1.0,0.5,2.0,2.0,1.0,0.25,0.0,4.0,1.0,2.0,1.0,2.0,1.0,0.5,68,6400,70,460,200,132.0,83,1250000,2.0,99,470.0,470.0,50.0,357,72,87,51,8.0,8.0,100.0,3,0
117.0,2.0,2.0,1.0,1.0,1.0,0.5,1.0,1.0,2.0,1.0,1.0,1.0,1.0,1.0,0.5,1.0,1.0,1.0,50,6400,70,455,45,369.0,80,800000,0.6,75,58.0,65.0,50.0,358,95,90,65,13.0,0.0,1.0,3,0
175.0,2.0,0.5,1.0,1.0,2.0,2.0,1.0,1.0,0.5,1.0,1.0,1.0,1.0,1.0,0.0,1.0,1.0,1.0,150,6400,35,565,30,84.0,60,1059860,1.2,65,0.0,2.0,50.0,359,115,60,115,1.0,0.0,47.0,3,0
209.0,2.0,2.0,1.0,1.0,1.0,0.5,1.0,1.0,2.0,1.0,1.0,1.0,1.0,1.0,0.5,1.0,1.0,1.0,23,5120,70,260,125,43.0,48,1000000,0.6,95,440.0,509.0,50.0,360,23,48,23,13.0,0.0,14.0,3,0
84.0,1.0,1.0,1.0,1.0,1.0,2.0,2.0,1.0,1.0,1.0,1.0,0.5,1.0,1.0,1.0,2.0,2.0,1.0,50,5120,70,300,190,304.0,50,1000000,0.7,50,509.0,422.0,50.0,361,50,50,50,10.0,0.0,16.8,3,0
84.0,1.0,1.0,1.0,1.0,1.0,2.0,2.0,1.0,1.0,1.0,1.0,0.5,1.0,1.0,1.0,2.0,2.0,1.0,120,5120,70,580,75,106.0,80,1000000,1.5,80,353.0,150.0,50.0,362,120,80,100,10.0,0.0,256.5,3,0
285.0,1.0,1.0,1.0,2.0,1.0,2.0,1.0,1.0,1.0,2.0,1.0,0.25,1.0,1.0,1.0,2.0,1.0,0.5,40,5120,70,290,255,60.0,50,1059860,0.8,70,452.0,427.0,50.0,363,55,50,25,10.0,17.0,39.5,3,0
285.0,1.0,1.0,1.0,2.0,1.0,2.0,1.0,1.0,1.0,2.0,1.0,0.25,1.0,1.0,1.0,2.0,1.0,0.5,60,5120,70,410,120,14.0,70,1059860,1.1,90,461.0,383.0,50.0,364,75,70,45,10.0,17.0,87.6,3,0
285.0,1.0,1.0,1.0,2.0,1.0,2.0,1.0,1.0,1.0,2.0,1.0,0.25,1.0,1.0,1.0,2.0,1.0,0.5,80,5120,70,530,45,158.0,90,1059860,1.4,110,462.0,494.0,50.0,365,95,90,65,10.0,17.0,150.6,3,0
215.0,1.0,1.0,1.0,2.0,1.0,1.0,0.5,1.0,1.0,2.0,1.0,0.5,1.0,1.0,1.0,1.0,0.5,0.5,64,5120,70,345,255,33.0,85,600000,0.4,35,365.0,68.0,50.0,366,74,55,32,16.0,0.0,52.5,3,0
274.0,1.0,1.0,1.0,2.0,1.0,1.0,0.5,1.0,1.0,2.0,1.0,0.5,1.0,1.0,1.0,1.0,0.5,0.5,104,5120,70,485,60,81.0,105,600000,1.7,55,184.0,188.0,50.0,367,94,75,52,16.0,0.0,27.0,3,0
263.0,1.0,1.0,1.0,2.0,1.0,1.0,0.5,1.0,1.0,2.0,1.0,0.5,1.0,1.0,1.0,1.0,0.5,0.5,84,5120,70,485,60,306.0,105,600000,1.8,55,420.0,159.0,50.0,368,114,75,52,16.0,0.0,22.6,3,0
268.0,1.0,1.0,1.0,2.0,1.0,2.0,0.25,0.5,1.0,4.0,2.0,0.5,0.5,0.5,1.0,1.0,1.0,1.0,90,10240,70,485,25,197.0,130,1250000,1.0,100,137.0,364.0,88.1,369,45,65,55,16.0,15.0,23.4,3,0
263.0,1.0,1.0,1.0,2.0,1.0,1.0,0.5,1.0,1.0,2.0,1.0,0.5,1.0,1.0,1.0,1.0,0.5,0.5,30,5120,70,330,225,262.0,55,800000,0.6,43,256.0,237.0,24.6,370,40,65,97,16.0,0.0,8.7,3,0
186.0,1.0,1.0,2.0,0.5,2.0,1.0,0.5,1.0,1.0,0.5,1.0,2.0,1.0,1.0,1.0,1.0,1.0,0.5,75,10240,35,300,45,266.0,60,1250000,0.6,45,455.0,21.0,50.0,371,40,30,50,2.0,0.0,42.1,3,0
184.0,1.0,1.0,2.0,0.5,2.0,1.0,0.5,1.0,1.0,0.5,1.0,2.0,1.0,1.0,1.0,1.0,1.0,0.5,95,10240,35,420,45,101.0,100,1250000,1.1,65,233.0,393.0,50.0,372,60,50,50,2.0,0.0,110.5,3,0
96.0,0.5,1.0,2.0,1.0,2.0,0.5,0.5,1.0,1.0,0.25,0.0,4.0,1.0,1.0,1.0,2.0,1.0,0.5,145,10240,35,700,45,89.0,130,1250000,1.5,95,37.0,374.0,50.0,373,120,90,120,2.0,8.0,102.6,3,0
28.0,1.0,2.0,0.5,1.0,0.5,1.0,2.0,0.5,2.0,0.5,2.0,0.5,0.5,0.0,0.25,0.5,0.5,1.0,55,10240,35,300,3,163.0,80,1250000,0.6,40,96.0,29.0,56.19199134199135,374,35,60,30,15.0,14.0,95.2,3,0
28.0,1.0,2.0,0.5,1.0,0.5,1.0,2.0,0.5,2.0,0.5,2.0,0.5,0.5,0.0,0.25,0.5,0.5,1.0,75,10240,35,420,3,164.0,100,1250000,1.2,60,286.0,270.0,56.19199134199135,375,55,80,50,15.0,14.0,202.5,3,0
28.0,1.0,2.0,0.5,1.0,0.5,1.0,2.0,0.5,2.0,0.5,2.0,0.5,0.5,0.0,0.25,0.5,0.5,1.0,145,10240,35,700,3,165.0,150,1250000,1.6,80,284.0,269.0,56.19199134199135,376,105,110,110,15.0,14.0,550.0,3,0
30.0,1.0,1.0,1.0,1.0,1.0,2.0,0.5,0.5,1.0,2.0,2.0,1.0,0.5,0.5,1.0,1.0,2.0,2.0,100,20480,35,580,3,267.0,200,1250000,1.7,80,406.0,362.0,56.19199134199135,377,50,100,50,14.0,0.0,230.0,3,1
27.0,1.0,1.0,1.0,1.0,1.0,2.0,2.0,1.0,1.0,1.0,1.0,0.5,1.0,1.0,1.0,2.0,2.0,1.0,50,20480,35,580,3,159.0,100,1250000,1.8,80,404.0,360.0,56.19199134199135,378,100,200,50,10.0,0.0,175.0,3,1
28.0,0.5,1.0,0.5,1.0,0.5,2.0,2.0,0.5,1.0,0.5,2.0,0.5,0.5,0.0,0.5,0.5,0.5,1.0,75,20480,35,580,3,166.0,150,1250000,1.9,80,407.0,363.0,56.19199134199135,379,75,150,50,15.0,0.0,205.0,3,1
117.0,2.0,2.0,2.0,0.5,2.0,0.5,0.5,1.0,2.0,0.5,1.0,2.0,1.0,1.0,0.5,1.0,1.0,0.5,100,30720,90,700,3,102.0,120,1250000,1.4,80,247.0,217.0,0.0,380,140,150,110,2.0,14.0,40.0,3,1
117.0,2.0,2.0,2.0,0.5,2.0,0.5,0.5,1.0,2.0,0.5,1.0,2.0,1.0,1.0,0.5,1.0,1.0,0.5,130,30720,90,700,3,102.0,100,1250000,2.0,80,248.0,218.0,100.0,381,160,120,110,2.0,14.0,60.0,3,1
44.0,1.0,1.0,1.0,2.0,1.0,1.0,0.5,1.0,1.0,2.0,1.0,0.5,1.0,1.0,1.0,1.0,0.5,0.5,150,30720,0,770,3,282.0,90,1250000,4.5,100,242.0,212.0,56.19199134199135,382,180,160,90,16.0,0.0,352.0,3,1
45.0,1.0,1.0,1.0,0.0,1.0,1.0,1.0,1.0,1.0,2.0,1.0,2.0,1.0,0.5,1.0,0.5,1.0,2.0,180,30720,0,770,3,71.0,160,1250000,3.5,100,152.0,164.0,56.19199134199135,383,150,90,90,9.0,0.0,950.0,3,1
2.0,0.5,1.0,2.0,1.0,2.0,0.5,0.5,1.0,1.0,0.25,0.0,4.0,1.0,1.0,1.0,2.0,1.0,0.5,180,30720,0,780,45,299.0,100,1250000,7.0,105,401.0,359.0,56.19199134199135,384,180,100,115,2.0,8.0,206.5,3,1
208.0,1.0,2.0,0.5,1.0,0.5,1.0,2.0,0.5,2.0,0.5,2.0,0.5,0.5,0.0,0.25,0.5,0.5,1.0,100,30720,100,600,3,371.0,100,1250000,0.3,100,194.0,195.0,56.19199134199135,385,100,100,100,15.0,14.0,1.1,3,1
179.0,2.0,2.0,1.0,1.0,1.0,0.5,1.0,1.0,2.0,1.0,1.0,1.0,1.0,1.0,0.5,1.0,1.0,1.0,95,30720,0,600,3,77.0,90,1250000,1.7,50,74.0,90.0,56.19199134199135,386,95,90,180,13.0,0.0,60.8,3,1
151.0,2.0,1.0,1.0,0.5,1.0,1.0,2.0,2.0,1.0,0.5,0.5,2.0,1.0,2.0,1.0,1.0,1.0,0.5,68,5120,70,318,45,337.0,64,1059860,0.4,55,317.0,471.0,88.1,387,45,55,31,8.0,0.0,10.2,4,0
151.0,2.0,1.0,1.0,0.5,1.0,1.0,2.0,2.0,1.0,0.5,0.5,2.0,1.0,2.0,1.0,1.0,1.0,0.5,89,5120,70,405,45,142.0,85,1059860,1.1,75,165.0,163.0,88.1,388,55,65,36,8.0,0.0,97.0,4,0
151.0,2.0,1.0,1.0,0.0,1.0,1.0,2.0,2.0,1.0,1.0,0.5,4.0,1.0,1.0,1.0,0.5,1.0,1.0,109,5120,70,525,45,71.0,105,1059860,2.2,95,79.0,465.0,88.1,389,75,85,56,8.0,11.0,310.0,4,0
9.0,0.5,1.0,1.0,1.0,0.5,1.0,0.5,1.0,1.0,0.5,2.0,0.5,1.0,1.0,1.0,2.0,0.5,2.0,58,5120,70,309,45,59.0,44,1059860,0.5,44,171.0,64.0,88.1,390,58,44,61,6.0,0.0,6.2,4,0
9.0,0.25,0.5,1.0,1.0,1.0,1.0,0.5,2.0,1.0,0.5,2.0,0.5,1.0,1.0,2.0,1.0,0.5,2.0,78,5120,70,405,45,243.0,52,1059860,0.9,64,308.0,282.0,88.1,391,78,52,81,6.0,6.0,22.0,4,0
9.0,0.25,0.5,1.0,1.0,1.0,1.0,0.5,2.0,1.0,0.5,2.0,0.5,1.0,1.0,2.0,1.0,0.5,2.0,104,5120,70,534,45,117.0,71,1059860,1.2,76,149.0,192.0,88.1,392,104,71,108,6.0,6.0,55.0,4,0
290.0,1.0,1.0,1.0,2.0,1.0,1.0,0.5,1.0,1.0,2.0,1.0,0.5,1.0,1.0,1.0,1.0,0.5,0.5,51,5120,70,314,45,236.0,53,1059860,0.4,53,377.0,331.0,88.1,393,61,56,40,16.0,0.0,5.2,4,0
290.0,1.0,1.0,1.0,2.0,1.0,1.0,0.5,1.0,1.0,2.0,1.0,0.5,1.0,1.0,1.0,1.0,0.5,0.5,66,5120,70,405,45,236.0,68,1059860,0.8,64,386.0,343.0,88.1,394,81,76,50,16.0,0.0,23.0,4,0
290.0,0.5,1.0,0.5,2.0,0.5,2.0,1.0,0.5,1.0,1.0,2.0,0.25,0.5,0.0,0.5,0.5,0.25,0.5,86,5120,70,530,45,100.0,88,1059860,1.7,84,104.0,120.0,88.1,395,111,101,60,16.0,16.0,84.5,4,0
109.0,0.5,1.0,1.0,2.0,1.0,1.0,1.0,1.0,0.0,0.5,0.0,2.0,1.0,1.0,1.0,2.0,1.0,1.0,55,3840,70,245,255,317.0,30,1059860,0.3,40,310.0,436.0,50.0,396,30,30,60,11.0,8.0,2.0,4,0
99.0,0.5,1.0,1.0,2.0,1.0,1.0,1.0,1.0,0.0,0.5,0.0,2.0,1.0,1.0,1.0,2.0,1.0,1.0,75,3840,70,340,120,317.0,50,1059860,0.6,55,311.0,435.0,50.0,397,40,40,80,11.0,8.0,15.5,4,0
99.0,0.5,1.0,1.0,2.0,1.0,1.0,1.0,1.0,0.0,0.5,0.0,2.0,1.0,1.0,1.0,2.0,1.0,1.0,120,3840,70,485,45,253.0,70,1059860,1.2,85,312.0,434.0,50.0,398,50,60,100,11.0,8.0,24.9,4,0
220.0,1.0,1.0,1.0,1.0,1.0,2.0,1.0,1.0,0.0,1.0,1.0,1.0,1.0,1.0,1.0,1.0,1.0,1.0,45,3840,70,250,255,245.0,40,1000000,0.5,59,34.0,33.0,50.0,399,35,40,31,11.0,0.0,20.0,4,0
220.0,1.0,1.0,1.0,2.0,1.0,2.0,0.5,1.0,0.0,2.0,1.0,0.5,1.0,1.0,1.0,1.0,0.5,0.5,85,3840,70,410,127,21.0,60,1000000,1.0,79,27.0,32.0,50.0,400,55,60,71,11.0,17.0,31.5,4,0
213.0,1.0,1.0,1.0,1.0,1.0,0.5,2.0,2.0,1.0,0.5,0.5,1.0,1.0,1.0,1.0,2.0,1.0,1.0,25,3840,70,194,255,75.0,41,1059860,0.3,37,237.0,210.0,50.0,401,25,41,25,0.0,0.0,2.2,4,0
260.0,1.0,1.0,1.0,1.0,1.0,0.5,2.0,2.0,1.0,0.5,0.5,1.0,1.0,1.0,1.0,2.0,1.0,1.0,85,3840,70,384,45,75.0,51,1059860,1.0,77,238.0,211.0,50.0,402,55,51,65,0.0,0.0,25.5,4,0
181.0,1.0,1.0,1.0,0.5,1.0,1.0,1.0,0.5,1.0,1.0,2.0,1.0,1.0,1.0,1.0,1.0,0.5,1.0,65,5120,70,263,235,118.0,34,1059860,0.5,45,232.0,398.0,50.0,403,40,34,45,3.0,0.0,9.5,4,0
181.0,1.0,1.0,1.0,0.5,1.0,1.0,1.0,0.5,1.0,1.0,2.0,1.0,1.0,1.0,1.0,1.0,0.5,1.0,85,5120,100,363,120,307.0,49,1059860,0.9,60,261.0,238.0,50.0,404,60,49,60,3.0,0.0,30.5,4,0
181.0,1.0,1.0,1.0,0.5,1.0,1.0,1.0,0.5,1.0,1.0,2.0,1.0,1.0,1.0,1.0,1.0,0.5,1.0,120,5120,70,523,45,136.0,79,1059860,1.4,80,408.0,239.0,50.0,405,95,79,70,3.0,0.0,42.0,4,0
135.0,1.0,1.0,1.0,0.5,0.5,0.5,2.0,2.0,1.0,0.25,1.0,2.0,1.0,1.0,2.0,1.0,1.0,0.5,30,5120,70,280,255,48.0,35,1059860,0.2,40,447.0,41.0,50.0,406,50,70,55,8.0,13.0,1.2,4,0
136.0,1.0,1.0,1.0,0.5,0.5,0.5,2.0,2.0,1.0,0.25,1.0,2.0,1.0,1.0,2.0,1.0,1.0,0.5,70,5120,70,515,75,42.0,65,1059860,0.9,60,413.0,371.0,50.0,407,125,105,90,8.0,13.0,14.5,4,0
131.0,1.0,1.0,1.0,1.0,1.0,2.0,0.5,0.5,1.0,2.0,2.0,1.0,0.5,0.5,1.0,1.0,2.0,2.0,125,7680,70,350,45,148.0,40,600000,0.9,67,516.0,79.0,88.1,408,30,30,58,14.0,0.0,31.5,4,0
131.0,1.0,1.0,1.0,1.0,1.0,2.0,0.5,0.5,1.0,2.0,2.0,1.0,0.5,0.5,1.0,1.0,2.0,2.0,165,7680,70,495,45,148.0,60,600000,1.6,97,398.0,355.0,88.1,409,65,50,58,14.0,0.0,102.5,4,0
249.0,0.5,1.0,0.5,1.0,0.5,4.0,1.0,0.25,1.0,1.0,4.0,0.5,0.25,0.0,0.5,0.5,1.0,2.0,42,7680,70,350,45,296.0,118,600000,0.5,30,454.0,396.0,88.1,410,42,88,30,14.0,16.0,57.0,4,0
249.0,0.5,1.0,0.5,1.0,0.5,4.0,1.0,0.25,1.0,1.0,4.0,0.5,0.25,0.0,0.5,0.5,1.0,2.0,52,7680,70,495,45,296.0,168,600000,1.3,60,466.0,25.0,88.1,411,47,138,30,14.0,16.0,149.5,4,0
212.0,1.0,1.0,1.0,1.0,1.0,0.5,2.0,2.0,1.0,0.5,0.5,1.0,1.0,1.0,1.0,2.0,1.0,1.0,29,3840,70,224,120,12.0,45,1000000,0.2,40,298.0,45.0,50.0,412,29,45,36,0.0,0.0,3.4,4,0
4.0,2.0,1.0,1.0,0.5,1.0,0.5,4.0,4.0,1.0,0.25,0.25,2.0,1.0,2.0,1.0,2.0,1.0,0.5,69,3840,70,424,45,12.0,95,1000000,0.5,60,297.0,507.0,0.0,413,69,95,36,0.0,10.0,6.5,4,0
261.0,0.5,1.0,1.0,2.0,1.0,0.25,2.0,2.0,1.0,0.25,0.0,2.0,1.0,1.0,1.0,4.0,1.0,1.0,94,3840,70,424,45,218.0,50,1000000,0.9,70,128.0,283.0,100.0,414,94,50,66,0.0,8.0,23.3,4,0
66.0,0.5,1.0,1.0,2.0,1.0,0.25,2.0,2.0,1.0,0.25,0.0,2.0,1.0,1.0,1.0,4.0,1.0,1.0,30,3840,70,244,120,335.0,42,1059860,0.3,30,301.0,74.0,88.1,415,30,42,70,0.0,8.0,5.5,4,0
178.0,0.5,1.0,1.0,2.0,1.0,0.25,2.0,2.0,1.0,0.25,0.0,2.0,1.0,1.0,1.0,4.0,1.0,1.0,80,3840,70,474,45,23.0,102,1059860,1.2,70,29.0,483.0,0.0,416,80,102,40,0.0,8.0,38.5,4,0
199.0,1.0,1.0,1.0,0.5,1.0,1.0,1.0,0.5,1.0,1.0,2.0,1.0,1.0,1.0,1.0,1.0,0.5,1.0,45,2560,100,405,200,94.0,70,1000000,0.4,60,358.0,310.0,50.0,417,45,90,95,3.0,0.0,3.9,4,0
274.0,1.0,1.0,1.0,2.0,1.0,1.0,0.5,1.0,1.0,2.0,1.0,0.5,1.0,1.0,1.0,1.0,0.5,0.5,65,5120,70,330,190,288.0,35,1000000,0.7,55,46.0,42.0,50.0,418,60,30,85,16.0,0.0,29.5,4,0
274.0,1.0,1.0,1.0,2.0,1.0,1.0,0.5,1.0,1.0,2.0,1.0,0.5,1.0,1.0,1.0,1.0,0.5,0.5,105,5120,70,495,75,288.0,55,1000000,1.1,85,113.0,133.0,50.0,419,85,50,115,16.0,0.0,33.5,4,0
26.0,2.0,1.0,1.0,0.5,1.0,1.0,2.0,2.0,1.0,0.5,0.5,2.0,1.0,2.0,1.0,1.0,1.0,0.5,35,5120,70,275,190,57.0,45,1000000,0.4,45,55.0,62.0,50.0,420,62,53,35,8.0,0.0,3.3,4,0
55.0,2.0,1.0,1.0,0.5,1.0,1.0,2.0,2.0,1.0,0.5,0.5,2.0,1.0,2.0,1.0,1.0,1.0,0.5,60,5120,70,450,75,38.0,70,1000000,0.5,70,56.0,61.0,50.0,421,87,78,85,8.0,0.0,9.3,4,0
242.0,1.0,1.0,1.0,2.0,1.0,1.0,0.5,1.0,1.0,2.0,1.0,0.5,1.0,1.0,1.0,1.0,0.5,0.5,48,5120,70,325,190,287.0,48,1000000,0.3,76,213.0,395.0,50.0,422,57,62,34,16.0,0.0,6.3,4,0
242.0,1.0,1.0,1.0,0.0,1.0,1.0,0.5,1.0,1.0,4.0,1.0,1.0,1.0,0.5,1.0,0.5,0.5,1.0,83,5120,70,475,75,287.0,68,1000000,0.9,111,469.0,143.0,50.0,423,92,82,39,16.0,11.0,29.9,4,0
281.0,1.0,1.0,1.0,1.0,1.0,2.0,1.0,1.0,0.0,1.0,1.0,1.0,1.0,1.0,1.0,1.0,1.0,1.0,100,5120,100,482,45,196.0,66,800000,1.2,75,111.0,8.0,50.0,424,60,66,115,11.0,0.0,20.3,4,0
1.0,0.25,2.0,1.0,2.0,1.0,0.0,1.0,1.0,2.0,0.5,0.0,2.0,0.0,0.5,1.0,2.0,1.0,1.0,50,7680,70,348,125,16.0,34,1640000,0.4,90,123.0,104.0,50.0,425,60,44,70,7.0,8.0,1.2,4,0
1.0,0.25,2.0,1.0,2.0,1.0,0.0,1.0,1.0,2.0,0.5,0.0,2.0,0.0,0.5,1.0,2.0,1.0,1.0,80,7680,70,498,60,37.0,44,1640000,1.2,150,124.0,103.0,50.0,426,90,54,80,7.0,8.0,15.0,4,0
197.0,1.0,1.0,1.0,1.0,1.0,2.0,1.0,1.0,0.0,1.0,1.0,1.0,1.0,1.0,1.0,1.0,1.0,1.0,66,5120,0,350,190,259.0,44,1000000,0.4,55,294.0,44.0,50.0,427,44,56,85,11.0,0.0,5.5,4,0
38.0,1.0,1.0,1.0,1.0,1.0,2.0,1.0,1.0,0.0,1.0,1.0,1.0,1.0,1.0,1.0,1.0,1.0,1.0,136,5120,140,580,60,259.0,94,1000000,1.2,65,293.0,229.0,50.0,428,54,96,135,11.0,0.0,33.3,4,0
117.0,0.5,2.0,1.0,1.0,1.0,0.0,1.0,1.0,2.0,1.0,1.0,1.0,0.0,0.5,1.0,1.0,1.0,1.0,60,6400,35,495,45,203.0,60,800000,0.9,60,313.0,280.0,50.0,429,105,105,105,7.0,0.0,4.4,4,0
91.0,1.0,0.5,1.0,2.0,2.0,1.0,1.0,1.0,0.5,0.5,0.0,2.0,1.0,1.0,0.0,2.0,1.0,1.0,125,5120,35,505,30,25.0,52,1059860,0.9,100,91.0,182.0,50.0,430,105,52,71,1.0,8.0,27.3,4,0
121.0,1.0,1.0,1.0,1.0,1.0,2.0,1.0,1.0,0.0,1.0,1.0,1.0,1.0,1.0,1.0,1.0,1.0,1.0,55,5120,70,310,190,54.0,42,800000,0.5,49,339.0,151.0,24.6,431,42,37,85,11.0,0.0,3.9,4,0
286.0,1.0,1.0,1.0,1.0,1.0,2.0,1.0,1.0,0.0,1.0,1.0,1.0,1.0,1.0,1.0,1.0,1.0,1.0,82,5120,70,452,75,333.0,64,800000,1.0,71,45.0,348.0,24.6,432,64,59,112,11.0,0.0,43.8,4,0
117.0,2.0,2.0,1.0,1.0,1.0,0.5,1.0,1.0,2.0,1.0,1.0,1.0,1.0,1.0,0.5,1.0,1.0,1.0,30,6400,70,285,120,24.0,50,800000,0.2,45,252.0,67.0,50.0,433,65,50,45,13.0,0.0,0.6,4,0
240.0,1.0,0.5,1.0,1.0,1.0,1.0,1.0,1.0,0.5,0.5,2.0,1.0,1.0,0.5,0.0,1.0,1.0,1.0,63,5120,70,329,225,298.0,47,1000000,0.4,63,436.0,441.0,50.0,434,41,41,74,12.0,2.0,19.2,4,0
240.0,1.0,0.5,1.0,1.0,1.0,1.0,1.0,1.0,0.5,0.5,2.0,1.0,1.0,0.5,0.0,1.0,1.0,1.0,93,5120,70,479,60,298.0,67,1000000,1.0,103,437.0,410.0,50.0,435,71,61,84,12.0,2.0,38.0,4,0
116.0,1.0,2.0,0.5,1.0,0.5,1.0,2.0,0.5,2.0,0.5,2.0,0.5,0.5,0.0,0.25,0.5,0.5,1.0,24,5120,70,300,255,45.0,86,1000000,0.5,57,84.0,40.0,56.19199134199135,436,24,86,23,15.0,14.0,60.5,4,0
116.0,1.0,2.0,0.5,1.0,0.5,1.0,2.0,0.5,2.0,0.5,2.0,0.5,0.5,0.0,0.25,0.5,0.5,1.0,89,5120,70,500,90,44.0,116,1000000,1.3,67,85.0,39.0,56.19199134199135,437,79,116,33,15.0,14.0,187.0,4,0
247.0,1.0,1.0,1.0,1.0,1.0,2.0,0.5,0.5,1.0,2.0,2.0,1.0,0.5,0.5,1.0,1.0,2.0,2.0,80,5120,70,290,255,40.0,95,1000000,0.5,50,479.0,37.0,50.0,438,10,45,10,14.0,0.0,15.0,4,0
225.0,1.0,1.0,0.0,1.0,1.0,0.25,1.0,1.0,2.0,1.0,1.0,1.0,1.0,2.0,0.5,1.0,2.0,1.0,25,6400,70,310,145,214.0,45,1000000,0.6,20,269.0,277.0,50.0,439,70,90,60,13.0,5.0,13.0,4,0
137.0,1.0,1.0,1.0,1.0,1.0,2.0,1.0,1.0,0.0,1.0,1.0,1.0,1.0,1.0,1.0,1.0,1.0,1.0,5,10240,140,220,130,244.0,5,800000,0.6,100,374.0,170.0,0.0,440,15,65,30,11.0,0.0,24.4,4,0
113.0,0.5,1.0,1.0,2.0,1.0,1.0,1.0,1.0,0.0,0.5,0.0,2.0,1.0,1.0,1.0,2.0,1.0,1.0,65,5120,35,411,30,222.0,45,1059860,0.5,76,367.0,60.0,50.0,441,92,42,91,11.0,8.0,1.9,4,0
168.0,1.0,1.0,1.0,1.0,2.0,0.0,1.0,1.0,1.0,1.0,1.0,1.0,0.0,0.5,0.0,1.0,1.0,1.0,92,7680,70,485,100,123.0,108,1000000,1.0,50,290.0,430.0,50.0,442,92,108,35,7.0,2.0,108.0,4,0
204.0,1.0,1.0,2.0,0.0,2.0,1.0,0.5,1.0,1.0,1.0,1.0,4.0,1.0,0.5,1.0,0.5,1.0,1.0,70,10240,70,300,45,177.0,45,1250000,0.7,58,118.0,146.0,50.0,443,40,45,42,2.0,11.0,20.5,4,0
204.0,1.0,1.0,2.0,0.0,2.0,1.0,0.5,1.0,1.0,1.0,1.0,4.0,1.0,0.5,1.0,0.5,1.0,1.0,90,10240,70,410,45,55.0,65,1250000,1.4,68,125.0,138.0,50.0,444,50,55,82,2.0,11.0,56.0,4,0
204.0,1.0,1.0,2.0,0.0,2.0,1.0,0.5,1.0,1.0,1.0,1.0,4.0,1.0,0.5,1.0,0.5,1.0,1.0,170,10240,70,700,45,202.0,115,1250000,1.9,108,126.0,140.0,50.0,445,120,95,92,2.0,11.0,95.0,4,0
160.0,1.0,1.0,1.0,1.0,1.0,2.0,1.0,1.0,0.0,1.0,1.0,1.0,1.0,1.0,1.0,1.0,1.0,1.0,85,10240,70,390,50,26.0,40,1250000,0.6,135,146.0,287.0,88.1,446,40,85,5,11.0,0.0,105.0,4,0
238.0,0.5,0.5,1.0,1.0,2.0,1.0,1.0,2.0,1.0,1.0,1.0,1.0,1.0,1.0,2.0,0.5,1.0,1.0,70,6400,70,285,75,96.0,40,1059860,0.7,40,410.0,369.0,88.1,447,35,40,60,5.0,0.0,20.2,4,0
237.0,0.25,0.5,0.5,1.0,1.0,2.0,2.0,1.0,1.0,0.5,2.0,0.5,0.5,0.0,1.0,0.25,0.5,1.0,145,6400,70,625,45,10.0,88,1059860,1.2,70,257.0,232.0,88.1,448,140,70,112,5.0,16.0,54.0,4,0
201.0,1.0,1.0,1.0,0.0,1.0,1.0,1.0,1.0,1.0,2.0,1.0,2.0,1.0,0.5,1.0,0.5,1.0,2.0,72,7680,70,330,140,154.0,78,1250000,0.8,68,176.0,176.0,50.0,449,38,42,32,9.0,0.0,49.5,4,0
201.0,1.0,1.0,1.0,0.0,1.0,1.0,1.0,1.0,1.0,2.0,1.0,2.0,1.0,0.5,1.0,0.5,1.0,2.0,112,7680,70,525,60,149.0,118,1250000,2.0,108,199.0,177.0,50.0,450,68,72,47,9.0,0.0,300.0,4,0
6.0,0.5,1.0,1.0,1.0,0.5,0.25,2.0,2.0,1.0,0.25,1.0,1.0,1.0,0.5,2.0,2.0,1.0,1.0,50,5120,70,330,120,277.0,90,1250000,0.8,40,427.0,409.0,50.0,451,30,55,65,12.0,1.0,12.0,4,0
6.0,1.0,0.5,1.0,1.0,1.0,1.0,1.0,1.0,0.5,0.5,2.0,1.0,1.0,0.5,0.0,1.0,1.0,1.0,90,5120,70,500,45,230.0,110,1250000,1.3,70,93.0,101.0,50.0,452,60,75,95,12.0,2.0,61.5,4,0
3.0,0.25,0.5,1.0,1.0,1.0,0.5,1.0,2.0,1.0,0.5,2.0,1.0,1.0,0.5,4.0,0.5,1.0,1.0,61,2560,100,300,140,342.0,40,1000000,0.7,48,153.0,82.0,50.0,453,61,40,50,12.0,6.0,23.0,4,0
3.0,0.25,0.5,1.0,1.0,1.0,0.5,1.0,2.0,1.0,0.5,2.0,1.0,1.0,0.5,4.0,0.5,1.0,1.0,106,5120,70,490,75,342.0,65,1000000,1.3,83,89.0,467.0,50.0,454,86,65,85,12.0,6.0,44.4,4,0
117.0,2.0,1.0,1.0,0.5,1.0,1.0,2.0,2.0,1.0,0.5,0.5,2.0,1.0,2.0,1.0,1.0,1.0,0.5,100,6400,70,454,200,49.0,72,1250000,1.4,74,316.0,50.0,50.0,455,90,72,46,8.0,0.0,27.0,4,0
271.0,1.0,1.0,1.0,2.0,1.0,1.0,0.5,1.0,1.0,2.0,1.0,0.5,1.0,1.0,1.0,1.0,0.5,0.5,49,5120,70,330,190,370.0,56,600000,0.4,49,215.0,130.0,50.0,456,49,61,66,16.0,0.0,7.0,4,0
271.0,1.0,1.0,1.0,2.0,1.0,1.0,0.5,1.0,1.0,2.0,1.0,0.5,1.0,1.0,1.0,1.0,0.5,0.5,69,5120,70,460,75,225.0,76,600000,1.2,69,325.0,235.0,50.0,457,69,86,91,16.0,0.0,24.0,4,0
272.0,0.5,1.0,1.0,4.0,1.0,0.5,0.5,1.0,1.0,1.0,0.0,1.0,1.0,1.0,1.0,2.0,0.5,0.5,20,6400,70,345,25,174.0,50,1250000,1.0,45,450.0,257.0,50.0,458,60,120,50,16.0,8.0,65.0,4,0
224.0,2.0,1.0,1.0,0.5,1.0,2.0,4.0,2.0,1.0,0.5,0.5,1.0,1.0,2.0,1.0,2.0,2.0,0.5,62,5120,70,334,120,131.0,50,1250000,1.0,60,506.0,423.0,50.0,459,62,60,40,8.0,12.0,50.5,4,0
224.0,2.0,1.0,1.0,0.5,1.0,2.0,4.0,2.0,1.0,0.5,0.5,1.0,1.0,2.0,1.0,2.0,2.0,0.5,132,5120,70,594,60,131.0,105,1250000,2.2,90,508.0,0.0,50.0,460,132,105,30,8.0,12.0,135.5,4,0
171.0,2.0,0.5,1.0,1.0,2.0,4.0,2.0,1.0,0.5,1.0,1.0,0.5,1.0,1.0,0.0,2.0,2.0,1.0,120,5120,35,510,45,293.0,65,1059860,1.1,70,272.0,497.0,50.0,461,45,85,125,1.0,12.0,34.0,4,0
128.0,0.5,1.0,0.5,0.5,0.5,2.0,2.0,0.25,1.0,0.5,4.0,0.5,0.5,0.0,0.5,0.5,0.25,1.0,70,5120,70,535,30,204.0,115,1000000,1.2,70,192.0,250.0,56.19199134199135,462,130,90,60,3.0,16.0,180.0,4,0
153.0,1.0,1.0,1.0,1.0,1.0,2.0,1.0,1.0,0.0,1.0,1.0,1.0,1.0,1.0,1.0,1.0,1.0,1.0,85,5120,70,515,30,184.0,95,1000000,1.7,110,30.0,222.0,50.0,463,80,95,50,11.0,0.0,140.0,4,0
119.0,1.0,1.0,1.0,0.0,1.0,2.0,0.5,0.5,1.0,4.0,2.0,2.0,0.5,0.25,1.0,0.5,2.0,4.0,140,5120,70,535,30,91.0,130,1250000,2.4,115,94.0,368.0,50.0,464,55,55,40,9.0,15.0,282.8,4,0
21.0,2.0,1.0,1.0,0.5,1.0,1.0,2.0,2.0,1.0,0.5,0.5,2.0,1.0,2.0,1.0,1.0,1.0,0.5,100,5120,70,535,30,353.0,125,1000000,2.0,100,303.0,454.0,50.0,465,110,50,50,8.0,0.0,128.6,4,0
132.0,1.0,1.0,1.0,0.5,1.0,1.0,1.0,0.5,1.0,1.0,2.0,1.0,1.0,1.0,1.0,1.0,0.5,1.0,123,6400,70,540,30,332.0,67,1000000,1.8,75,102.0,115.0,75.4,466,95,85,95,3.0,0.0,138.6,4,0
51.0,0.5,1.0,1.0,1.0,0.5,1.0,0.5,1.0,1.0,0.5,2.0,0.5,1.0,1.0,1.0,2.0,0.5,2.0,95,6400,70,540,30,35.0,67,1000000,1.6,75,39.0,247.0,75.4,467,125,95,83,6.0,0.0,68.0,4,0
68.0,0.25,0.5,0.0,2.0,1.0,0.25,1.0,1.0,1.0,0.5,0.0,2.0,1.0,2.0,1.0,2.0,2.0,1.0,50,2560,70,545,30,171.0,95,800000,1.5,85,464.0,460.0,88.1,468,120,115,80,4.0,8.0,38.0,4,0
231.0,0.5,1.0,1.0,2.0,1.0,0.25,2.0,2.0,1.0,0.25,0.0,2.0,1.0,1.0,1.0,4.0,1.0,1.0,76,5120,70,515,30,229.0,86,1000000,1.9,86,281.0,512.0,50.0,469,116,56,95,0.0,8.0,51.5,4,0
114.0,2.0,1.0,1.0,0.5,1.0,1.0,2.0,2.0,1.0,0.5,0.5,2.0,1.0,2.0,1.0,1.0,1.0,0.5,110,8960,35,525,45,350.0,130,1000000,1.0,65,249.0,219.0,88.1,470,60,65,95,8.0,0.0,25.5,4,0
223.0,1.0,1.0,1.0,1.0,1.0,2.0,2.0,1.0,1.0,1.0,1.0,0.5,1.0,1.0,1.0,2.0,2.0,1.0,60,8960,35,525,45,129.0,110,1000000,0.8,65,136.0,149.0,88.1,471,130,95,65,10.0,0.0,25.9,4,0
75.0,0.5,1.0,1.0,0.0,1.0,0.5,1.0,1.0,1.0,1.0,0.0,4.0,1.0,0.5,1.0,1.0,1.0,2.0,95,5120,70,510,30,108.0,125,1059860,2.0,75,139.0,153.0,50.0,472,45,75,95,9.0,8.0,42.5,4,0
146.0,1.0,1.0,1.0,0.0,1.0,2.0,2.0,1.0,1.0,2.0,1.0,1.0,1.0,0.5,1.0,1.0,2.0,2.0,130,5120,70,530,50,349.0,80,1250000,2.5,110,267.0,252.0,50.0,473,70,60,80,10.0,11.0,291.0,4,0
0.0,1.0,1.0,1.0,1.0,1.0,2.0,1.0,1.0,0.0,1.0,1.0,1.0,1.0,1.0,1.0,1.0,1.0,1.0,80,5120,70,535,30,354.0,70,1000000,0.9,85,383.0,340.0,56.19199134199135,474,135,75,90,11.0,0.0,34.0,4,0
239.0,1.0,1.0,1.0,1.0,2.0,0.5,1.0,2.0,2.0,1.0,1.0,1.0,1.0,1.0,1.0,0.5,1.0,1.0,165,5120,35,618,45,34.0,95,1250000,1.6,68,110.0,139.0,100.0,475,65,115,110,13.0,6.0,52.0,4,0
244.0,0.5,1.0,0.5,1.0,0.5,4.0,1.0,0.25,1.0,1.0,4.0,0.5,0.25,0.0,0.5,0.5,1.0,2.0,55,5120,70,525,60,70.0,145,1000000,1.4,60,69.0,344.0,50.0,476,75,150,40,14.0,16.0,340.0,4,0
167.0,0.5,2.0,1.0,1.0,1.0,0.0,1.0,1.0,2.0,1.0,1.0,1.0,0.0,0.5,1.0,1.0,1.0,1.0,100,6400,35,525,45,141.0,135,800000,2.2,45,503.0,109.0,50.0,477,65,135,45,7.0,0.0,106.6,4,0
222.0,0.5,2.0,1.0,1.0,1.0,0.0,2.0,1.0,2.0,1.0,1.0,0.5,0.0,0.5,1.0,2.0,2.0,1.0,80,5120,70,480,75,305.0,70,1000000,1.3,70,507.0,136.0,0.0,478,80,70,110,10.0,9.0,26.6,4,0
117.0,0.5,2.0,1.0,0.5,1.0,0.0,1.0,0.5,2.0,1.0,2.0,1.0,0.0,0.5,1.0,1.0,0.5,1.0,65,5120,70,520,45,241.0,107,1000000,0.3,50,414.0,372.0,56.19199134199135,479,105,107,86,3.0,9.0,0.3,4,0
117.0,2.0,2.0,1.0,1.0,1.0,0.5,1.0,1.0,2.0,1.0,1.0,1.0,1.0,1.0,0.5,1.0,1.0,1.0,75,20480,140,580,3,176.0,130,1250000,0.3,75,512.0,478.0,56.19199134199135,480,75,130,95,13.0,0.0,0.3,4,1
117.0,2.0,2.0,1.0,1.0,1.0,0.5,1.0,1.0,2.0,1.0,1.0,1.0,1.0,1.0,0.5,1.0,1.0,1.0,105,20480,140,580,3,99.0,105,1250000,0.3,80,105.0,268.0,56.19199134199135,481,105,105,80,13.0,0.0,0.3,4,1
117.0,2.0,2.0,1.0,1.0,1.0,0.5,1.0,1.0,2.0,1.0,1.0,1.0,1.0,1.0,0.5,1.0,1.0,1.0,125,20480,140,580,3,367.0,70,1250000,0.3,75,3.0,18.0,56.19199134199135,482,125,70,115,13.0,0.0,0.3,4,1
177.0,0.5,1.0,1.0,0.5,1.0,2.0,1.0,0.5,1.0,0.25,2.0,1.0,0.5,0.0,0.5,0.5,0.5,0.5,120,30720,0,680,3,327.0,120,1250000,5.4,100,75.0,93.0,56.19199134199135,483,150,100,90,15.0,3.0,683.0,4,1
177.0,1.0,1.0,2.0,1.0,2.0,1.0,0.25,1.0,1.0,1.0,1.0,1.0,1.0,1.0,1.0,1.0,0.5,0.25,120,30720,0,680,3,308.0,100,1250000,4.2,90,359.0,311.0,56.19199134199135,484,150,120,100,16.0,3.0,336.0,4,1
53.0,0.25,1.0,0.5,1.0,0.25,2.0,1.0,0.5,1.0,0.25,4.0,0.25,0.5,0.0,0.5,1.0,0.25,2.0,90,2560,100,600,3,179.0,106,1250000,1.7,91,166.0,173.0,50.0,485,130,106,77,6.0,16.0,430.0,4,1
221.0,1.0,1.0,1.0,1.0,1.0,2.0,1.0,1.0,0.0,1.0,1.0,1.0,1.0,1.0,1.0,1.0,1.0,1.0,160,30720,0,670,3,69.0,110,1250000,3.7,110,405.0,361.0,56.19199134199135,486,80,110,100,11.0,0.0,420.0,4,1
176.0,0.5,2.0,2.0,0.5,2.0,0.0,0.5,1.0,2.0,0.5,1.0,2.0,0.0,0.5,1.0,1.0,1.0,0.5,120,30720,0,680,3,263.0,100,1250000,4.5,150,135.0,148.0,56.19199134199135,487,120,100,90,7.0,3.0,750.0,4,1
117.0,2.0,2.0,1.0,1.0,1.0,0.5,1.0,1.0,2.0,1.0,1.0,1.0,1.0,1.0,0.5,1.0,1.0,1.0,70,30720,100,600,3,201.0,120,1250000,1.5,120,66.0,81.0,0.0,488,75,130,85,13.0,0.0,85.6,4,1
70.0,1.0,1.0,1.0,2.0,1.0,1.0,0.5,1.0,1.0,2.0,1.0,0.5,1.0,1.0,1.0,1.0,0.5,0.5,80,10240,70,480,30,283.0,80,1250000,0.4,80,369.0,321.0,56.19199134199135,489,80,80,80,16.0,0.0,3.1,4,0
70.0,1.0,1.0,1.0,2.0,1.0,1.0,0.5,1.0,1.0,2.0,1.0,0.5,1.0,1.0,1.0,1.0,0.5,0.5,100,2560,70,600,3,289.0,100,1250000,0.3,100,268.0,253.0,56.19199134199135,490,100,100,100,16.0,0.0,1.4,4,1
5.0,2.0,0.5,1.0,1.0,2.0,2.0,1.0,1.0,0.5,1.0,1.0,1.0,1.0,1.0,0.0,1.0,1.0,1.0,90,30720,0,600,3,240.0,90,1250000,1.5,70,70.0,87.0,56.19199134199135,491,135,90,125,1.0,0.0,50.5,4,1
139.0,2.0,1.0,1.0,0.5,1.0,1.0,2.0,2.0,1.0,0.5,0.5,2.0,1.0,2.0,1.0,1.0,1.0,0.5,103,30720,100,600,45,140.0,75,1059860,0.2,100,429.0,391.0,56.19199134199135,492,120,75,127,8.0,10.0,2.1,4,1
133.0,1.0,1.0,1.0,1.0,1.0,2.0,1.0,1.0,0.0,1.0,1.0,1.0,1.0,1.0,1.0,1.0,1.0,1.0,120,30720,0,720,3,1.0,120,1250000,3.2,120,11.0,13.0,56.19199134199135,493,120,120,120,11.0,0.0,320.0,4,1
296.0,1.0,2.0,1.0,1.0,0.5,0.5,0.5,1.0,2.0,0.5,2.0,0.5,1.0,1.0,0.5,2.0,0.5,2.0,100,30720,100,600,3,352.0,100,1250000,0.4,100,484.0,485.0,56.19199134199135,494,100,100,100,13.0,7.0,4.0,5,1
149.0,2.0,1.0,1.0,0.5,1.0,1.0,2.0,2.0,1.0,0.5,0.5,2.0,1.0,2.0,1.0,1.0,1.0,0.5,45,5120,70,308,45,139.0,55,1059860,0.6,45,472.0,420.0,88.1,495,45,55,63,8.0,0.0,8.1,5,0
149.0,2.0,1.0,1.0,0.5,1.0,1.0,2.0,2.0,1.0,0.5,0.5,2.0,1.0,2.0,1.0,1.0,1.0,0.5,60,5120,70,413,45,139.0,75,1059860,0.8,60,191.0,388.0,88.1,496,60,75,83,8.0,0.0,16.0,5,0
149.0,2.0,1.0,1.0,0.5,1.0,1.0,2.0,2.0,1.0,0.5,0.5,2.0,1.0,2.0,1.0,1.0,1.0,0.5,75,5120,70,528,45,261.0,95,1059860,3.3,75,190.0,387.0,88.1,497,75,95,113,8.0,0.0,63.0,5,0
13.0,0.5,1.0,1.0,1.0,0.5,1.0,0.5,1.0,1.0,0.5,2.0,0.5,1.0,1.0,1.0,2.0,0.5,2.0,63,5120,70,308,45,113.0,45,1059860,0.5,65,379.0,459.0,88.1,498,45,45,45,6.0,0.0,9.9,5,0
13.0,0.25,0.5,1.0,1.0,1.0,1.0,0.5,2.0,1.0,0.5,2.0,0.5,1.0,1.0,2.0,1.0,0.5,2.0,93,5120,70,418,45,113.0,55,1059860,1.0,90,53.0,326.0,88.1,499,70,55,55,6.0,6.0,55.5,5,0
10.0,0.25,0.5,1.0,1.0,1.0,1.0,0.5,2.0,1.0,0.5,2.0,0.5,1.0,1.0,2.0,1.0,0.5,2.0,123,5120,70,528,45,210.0,65,1059860,1.6,110,106.0,119.0,88.1,500,100,65,65,6.0,6.0,150.0,5,0
293.0,1.0,1.0,1.0,2.0,1.0,1.0,0.5,1.0,1.0,2.0,1.0,0.5,1.0,1.0,1.0,1.0,0.5,0.5,55,5120,70,308,45,286.0,45,1059860,0.5,55,289.0,309.0,88.1,501,63,45,45,16.0,0.0,5.9,5,0
293.0,1.0,1.0,1.0,2.0,1.0,1.0,0.5,1.0,1.0,2.0,1.0,0.5,1.0,1.0,1.0,1.0,0.5,0.5,75,5120,70,413,45,86.0,60,1059860,0.8,75,122.0,92.0,88.1,502,83,60,60,16.0,0.0,24.5,5,0
293.0,1.0,1.0,1.0,2.0,1.0,1.0,0.5,1.0,1.0,2.0,1.0,0.5,1.0,1.0,1.0,1.0,0.5,0.5,100,5120,70,528,45,125.0,85,1059860,1.5,95,68.0,375.0,88.1,503,108,70,70,16.0,0.0,94.6,5,0
195.0,1.0,1.0,1.0,1.0,1.0,2.0,1.0,1.0,0.0,1.0,1.0,1.0,1.0,1.0,1.0,1.0,1.0,1.0,55,3840,70,255,255,278.0,39,1000000,0.5,45,295.0,317.0,50.0,504,35,39,42,11.0,0.0,11.6,5,0
78.0,1.0,1.0,1.0,1.0,1.0,2.0,1.0,1.0,0.0,1.0,1.0,1.0,1.0,1.0,1.0,1.0,1.0,1.0,85,5120,70,420,255,198.0,69,1000000,1.1,60,300.0,496.0,50.0,505,60,69,77,11.0,0.0,27.0,5,0
299.0,1.0,1.0,1.0,1.0,1.0,2.0,1.0,1.0,0.0,1.0,1.0,1.0,1.0,1.0,1.0,1.0,1.0,1.0,60,3840,70,275,255,258.0,45,1059860,0.4,45,504.0,226.0,50.0,506,25,45,55,11.0,0.0,4.1,5,0
101.0,1.0,1.0,1.0,1.0,1.0,2.0,1.0,1.0,0.0,1.0,1.0,1.0,1.0,1.0,1.0,1.0,1.0,1.0,80,3840,70,370,120,200.0,65,1059860,0.9,65,170.0,175.0,50.0,507,35,65,60,11.0,0.0,14.7,5,0
101.0,1.0,1.0,1.0,1.0,1.0,2.0,1.0,1.0,0.0,1.0,1.0,1.0,1.0,1.0,1.0,1.0,1.0,1.0,110,3840,70,500,45,30.0,90,1059860,1.2,85,306.0,440.0,50.0,508,45,90,80,11.0,0.0,61.0,5,0
124.0,2.0,0.5,1.0,1.0,2.0,2.0,1.0,1.0,0.5,1.0,1.0,1.0,1.0,1.0,0.0,1.0,1.0,1.0,50,5120,70,281,255,83.0,37,1000000,0.4,41,60.0,347.0,50.0,509,50,37,66,1.0,0.0,10.1,5,0
124.0,2.0,0.5,1.0,1.0,2.0,2.0,1.0,1.0,0.5,1.0,1.0,1.0,1.0,1.0,0.0,1.0,1.0,1.0,88,5120,70,446,90,76.0,50,1000000,1.1,64,250.0,224.0,50.0,510,88,50,106,1.0,0.0,37.5,5,0
59.0,2.0,1.0,1.0,0.5,1.0,1.0,2.0,2.0,1.0,0.5,0.5,2.0,1.0,2.0,1.0,1.0,1.0,0.5,53,5120,70,316,190,138.0,48,1000000,0.6,50,498.0,313.0,88.1,511,53,48,64,8.0,0.0,10.5,5,0
59.0,2.0,1.0,1.0,0.5,1.0,1.0,2.0,2.0,1.0,0.5,0.5,2.0,1.0,2.0,1.0,1.0,1.0,0.5,98,5120,70,498,75,329.0,63,1000000,1.1,75,497.0,404.0,88.1,512,98,63,101,8.0,0.0,30.5,5,0
58.0,0.5,1.0,1.0,1.0,0.5,1.0,0.5,1.0,1.0,0.5,2.0,0.5,1.0,1.0,1.0,2.0,0.5,2.0,53,5120,70,316,190,153.0,48,1000000,0.6,50,23.0,314.0,88.1,513,53,48,64,6.0,0.0,11.0,5,0
58.0,0.5,1.0,1.0,1.0,0.5,1.0,0.5,1.0,1.0,0.5,2.0,0.5,1.0,1.0,1.0,2.0,0.5,2.0,98,5120,70,498,75,97.0,63,1000000,1.0,75,22.0,405.0,88.1,514,98,63,101,6.0,0.0,28.0,5,0
60.0,1.0,1.0,1.0,2.0,1.0,1.0,0.5,1.0,1.0,2.0,1.0,0.5,1.0,1.0,1.0,1.0,0.5,0.5,53,5120,70,316,190,314.0,48,1000000,0.6,50,180.0,312.0,88.1,515,53,48,64,16.0,0.0,13.5,5,0
60.0,1.0,1.0,1.0,2.0,1.0,1.0,0.5,1.0,1.0,2.0,1.0,0.5,1.0,1.0,1.0,1.0,0.5,0.5,98,5120,70,498,75,135.0,63,1000000,1.0,75,179.0,403.0,88.1,516,98,63,101,16.0,0.0,29.0,5,0
57.0,2.0,2.0,1.0,1.0,1.0,0.5,1.0,1.0,2.0,1.0,1.0,1.0,1.0,1.0,0.5,1.0,1.0,1.0,25,2560,70,292,190,90.0,45,800000,0.6,76,315.0,288.0,50.0,517,67,55,24,13.0,0.0,23.3,5,0
